municipality,barangay,district,lat,lon,elevation_m
Alcala,Anulid,5,15.8479,120.50105,21.0
Alcala,Atainan,5,15.861267,120.509017,22.0
Alcala,Bersamin,5,15.837625,120.554212,20.0
Alcala,Canarvacanan,5,15.841114,120.540286,20.0
Alcala,Caranglaan,5,15.858829,120.498186,25.0
Alcala,Curareng,5,15.8638,120.522233,25.0
Alcala,Gualsic,5,15.87096,120.53908,27.0
Alcala,Kasikis,5,15.85285,120.544167,22.0
Alcala,Laoac,5,15.84218,120.51332,28.0
Alcala,Macayo,5,15.87914,120.55634,31.0
Alcala,PindanganCentro,5,15.862686,120.5499,28.0
Alcala,PindanganEast,5,15.86336,120.55856,30.0
Alcala,PindanganWest,5,15.86882,120.5512,26.0
Alcala,PoblacionEast,5,15.8475,120.524571,27.0
Alcala,PoblacionWest,5,15.84815,120.528937,28.0
Alcala,SanJuan,5,15.83908,120.52136,23.0
Alcala,SanNicolas,5,15.85454,120.5325,25.0
Alcala,SanPedroApartado,5,15.8492,120.56177,21.0
Alcala,SanPedroIli,5,15.85472,120.53864,27.0
Alcala,SanVicente,5,15.85475,120.516175,24.0
Alcala,Vacante,5,15.843429,120.568429,21.0
Asingan,AristonEste,6,16.039,120.69976,54.0
Asingan,AristonWeste,6,16.031715,120.694769,53.0
Asingan,Bantog,6,16.00277,120.684944,42.0
Asingan,Baro,6,16.000788,120.665987,45.0
Asingan,Bobonan,6,16.0401,120.6385,51.0
Asingan,Cabalitian,6,15.980733,120.653367,35.0
Asingan,Calepaan,6,16.026044,120.621267,38.0
Asingan,CarosucanNorte,6,15.979357,120.638829,33.0
Asingan,CarosucanSur,6,15.96051,120.63873,35.0
Asingan,Coldit,6,16.0387,120.64692,50.0
Asingan,Domanpot,6,16.001543,120.643914,39.0
Asingan,Dupac,6,16.029814,120.679436,51.0
Asingan,Macalong,6,16.01705,120.65456,44.0
Asingan,Palaris,6,16.035983,120.631283,43.0
Asingan,PoblacionEast,6,16.010838,120.672363,48.0
Asingan,PoblacionWest,6,16.009167,120.663333,47.0
Asingan,SanVicenteEste,6,16.037267,120.669433,53.0
Asingan,SanVicenteWeste,6,16.031492,120.6546,46.0
Asingan,Sanchez,6,15.989911,120.663578,42.0
Asingan,Sobol,6,16.01492,120.63005,39.0
Asingan,Toboy,6,16.028746,120.637646,48.0
Balungao,AngayanNorte,6,15.911458,120.695,41.0
Balungao,AngayanSur,6,15.90045,120.687892,41.0
Balungao,Capulaan,6,15.91538,120.65932,39.0
Balungao,Esmeralda,6,15.872327,120.709787,71.0
Balungao,Kita-Kita,6,15.89685,120.658475,43.0
Balungao,Mabini,6,15.859441,120.714159,74.0
Balungao,Mauban,6,15.8999,120.718029,45.0
Balungao,Poblacion,6,15.90165,120.66475,40.0
Balungao,Pugaro,6,15.895045,120.672755,44.0
Balungao,Rajal,6,15.910554,120.703369,45.0
Balungao,SanAndres,6,15.865917,120.675075,109.0
Balungao,SanAurelio1st,6,15.902922,120.678267,40.0
Balungao,SanAurelio2nd,6,15.893562,120.6835,43.0
Balungao,SanAurelio3rd,6,15.9173,120.68485,42.0
Balungao,SanJoaquin,6,15.940943,120.70345,40.0
Balungao,SanJulian,6,15.9371,120.671417,38.0
Balungao,SanLeon,6,15.92285,120.710383,42.0
Balungao,SanMarcelino,6,15.936125,120.655012,36.0
Balungao,SanMiguel,6,15.9276,120.65869,38.0
Balungao,SanRaymundo,6,15.926543,120.685443,43.0
Bautista,Artacho,5,15.82542,120.55934,22.0
Bautista,Baluyot,5,15.806614,120.474443,21.0
Bautista,Cabuaan,5,15.809444,120.480122,23.0
Bautista,Cacandongan,5,15.828487,120.490687,25.0
Bautista,Diaz,5,15.80404,120.510033,19.0
Bautista,Ketegan,5,15.82368,120.49276,21.0
Bautista,Nandacan,5,15.81924,120.48736,23.0
Bautista,NibaliwNorte,5,15.8168,120.468983,24.0
Bautista,NibaliwSur,5,15.8119,120.47082,22.0
Bautista,Palisoc,5,15.819143,120.500271,21.0
Bautista,PoblacionEast,5,15.814113,120.485687,22.0
Bautista,PoblacionWest,5,15.813863,120.477375,21.0
Bautista,Pogo,5,15.82454,120.50955,21.0
Bautista,Poponto,5,15.776871,120.537057,16.0
Bautista,Primicias,5,15.805289,120.549844,23.0
Bautista,Sinabaan,5,15.8202,120.472883,26.0
Bautista,Vacante,5,15.801264,120.492136,21.0
Bautista,Villanueva,5,15.822413,120.543262,19.0
Binalonan,Balangobong,5,16.02684,120.60524,34.0
Binalonan,Bued,5,16.04544,120.5784,32.0
Binalonan,Bugayong,5,16.088786,120.567114,49.0
Binalonan,Camangaan,5,16.100983,120.585167,62.0
Binalonan,Canarvacanan,5,16.06075,120.580462,45.0
Binalonan,Capas,5,16.05885,120.610283,46.0
Binalonan,Cili,5,16.08097,120.5827,49.0
Binalonan,Dumayat,5,16.067583,120.572483,41.0
Binalonan,Linmansangan,5,16.055356,120.573944,38.0
Binalonan,Mangcasuy,5,16.077392,120.620783,58.0
Binalonan,Moreno,5,16.109587,120.616263,253.0
Binalonan,PasilengNorte,5,16.041062,120.593238,41.0
Binalonan,PasilengSur,5,16.03302,120.60294,36.0
Binalonan,Poblacion,5,16.050267,120.587917,36.0
Binalonan,SanFelipeCentral,5,16.049486,120.6271,49.0
Binalonan,SanFelipeSur,5,16.051045,120.603,41.0
Binalonan,SanPablo,5,16.03578,120.61882,39.0
Binalonan,SantaCatalina,5,16.096712,120.620118,106.0
Binalonan,SantaMariaNorte,5,16.069067,120.587489,41.0
Binalonan,Santiago,5,16.04622,120.5712,36.0
Binalonan,SantoNiño,5,16.061925,120.593437,43.0
Binalonan,Sumabnit,5,16.030617,120.573333,31.0
Binalonan,Tabuyoc,5,16.026162,120.587963,32.0
Binalonan,Vacante,5,16.075214,120.569993,50.0
Laoac,Anis,5,16.037138,120.56035,30.0
Laoac,Balligi,5,16.060614,120.557843,32.0
Laoac,Banuar,5,16.059367,120.537083,26.0
Laoac,Botique,5,16.076333,120.553183,42.0
Laoac,Caaringayan,5,16.03872,120.5523,26.0
Laoac,CabilaoanWest,5,16.023143,120.5419,23.0
Laoac,Cabulalaan,5,16.071222,120.542033,37.0
Laoac,Calaoagan,5,16.06424,120.5325,34.0
Laoac,Calmay,5,16.035136,120.5117,23.0
Laoac,Casampagaan,5,16.0512,120.551617,31.0
Laoac,Casanestebanan,5,16.0473,120.523786,20.0
Laoac,Casantiagoan,5,16.02328,120.56504,28.0
Laoac,DomingoAlarcio,5,16.023383,120.55195,25.0
Laoac,Inmanduyan,5,16.04702,120.50936,19.0
Laoac,Lebueg,5,16.028525,120.561337,29.0
Laoac,Maraboc,5,16.062956,120.521489,22.0
Laoac,Nanbagatan,5,16.039675,120.5306,21.0
Laoac,Panaga,5,16.0816,120.547255,37.0
Laoac,Poblacion,5,16.062333,120.5482,32.0
Laoac,Talogtog,5,16.057771,120.529643,28.0
Laoac,Turko,5,16.074367,120.531508,30.0
Laoac,Yatyat,5,16.013517,120.557417,27.0
Natividad,Barangobong,6,16.047371,120.780914,77.0
Natividad,BatchelorEast,6,16.0514,120.814783,120.0
Natividad,BatchelorWest,6,16.049067,120.806367,105.0
Natividad,Burgos,6,16.028643,120.7789,74.0
Natividad,Cacandungan,6,16.060467,120.834967,222.0
Natividad,Calapugan,6,16.037378,120.812667,106.0
Natividad,Canarem,6,16.037571,120.781371,76.0
Natividad,Luna,6,16.0139,120.787238,80.0
Natividad,PoblacionEast,6,16.04176,120.79306,88.0
Natividad,PoblacionWest,6,16.04678,120.79798,92.0
Natividad,Rizal,6,16.042729,120.779243,72.0
Natividad,Salud,6,16.053383,120.790067,85.0
Natividad,SanEugenio,6,16.074025,120.829775,413.0
Natividad,SanMacarioNorte,6,16.053092,120.84245,437.0
Natividad,SanMacarioSur,6,16.035614,120.8279,187.0
Natividad,SanMaximo,6,16.040156,120.803522,98.0
Natividad,SanMiguel,6,16.0219,120.79655,82.0
Natividad,Silag,6,16.011586,120.782686,77.0
Pozzorubio,Alipangpang,5,16.112171,120.553243,56.0
Pozzorubio,Amagbagan,5,16.09131,120.53622,38.0
Pozzorubio,Balacag,5,16.13625,120.4776,91.0
Pozzorubio,Banding,5,16.1039,120.54356,52.0
Pozzorubio,Bantugan,5,16.107988,120.52075,38.0
Pozzorubio,Batakil,5,16.150457,120.516643,66.0
Pozzorubio,Bobonan,5,16.140322,120.5203,53.0
Pozzorubio,Buneg,5,16.126175,120.56195,72.0
Pozzorubio,Cablong,5,16.12784,120.53274,62.0
Pozzorubio,Casanfernandoan,5,16.124829,120.477243,61.0
Pozzorubio,Castaño,5,16.114736,120.506436,40.0
Pozzorubio,Dilan,5,16.088471,120.520557,36.0
Pozzorubio,DonBenito,5,16.141843,120.497871,61.0
Pozzorubio,Haway,5,16.114767,120.481917,62.0
Pozzorubio,Imbalbalatong,5,16.128771,120.549471,73.0
Pozzorubio,Inoman,5,16.150243,120.529286,61.0
Pozzorubio,Laoac,5,16.14382,120.50617,81.0
Pozzorubio,Maambal,5,16.10248,120.4878,52.0
Pozzorubio,Malasin,5,16.10045,120.51985,36.0
Pozzorubio,Malokiat,5,16.127514,120.496329,49.0
Pozzorubio,Manaol,5,16.118883,120.510183,45.0
Pozzorubio,Nama,5,16.137325,120.534125,61.0
Pozzorubio,Nantangalan,5,16.092491,120.503209,43.0
Pozzorubio,Palacpalac,5,16.13195,120.52365,52.0
Pozzorubio,Palguyod,5,16.128929,120.5124,48.0
Pozzorubio,PoblacionI,5,16.11972,120.53428,56.0
Pozzorubio,PoblacionII,5,16.115617,120.534817,49.0
Pozzorubio,PoblacionIII,5,16.12086,120.54196,57.0
Pozzorubio,PoblacionIV,5,16.11468,120.54258,56.0
Pozzorubio,Rosario,5,16.10018,120.56152,53.0
Pozzorubio,Sugcong,5,16.148117,120.546817,150.0
Pozzorubio,Talogtog,5,16.10945,120.534633,45.0
Pozzorubio,Tulnac,5,16.117529,120.525029,46.0
Pozzorubio,Villegas,5,16.141614,120.554571,85.0
Rosales,Acop,6,15.86822,120.65452,42.0
Rosales,Bakitbakit,6,15.8806,120.6515,35.0
Rosales,Balingcanaway,6,15.896867,120.651517,40.0
Rosales,CabalaoanganNorte,6,15.885,120.627157,32.0
Rosales,CabalaoanganSur,6,15.879786,120.634929,34.0
Rosales,Calanutan,6,15.86538,120.63548,31.0
Rosales,Camangaan,6,15.848967,120.634317,33.0
Rosales,CapitanTomas,6,15.909583,120.6458,35.0
Rosales,CarmayEast,6,15.91566,120.64044,33.0
Rosales,CarmayWest,6,15.913167,120.624417,30.0
Rosales,CarmenEast,6,15.88938,120.60206,28.0
Rosales,CarmenWest,6,15.88992,120.5942,28.0
Rosales,Casanicolasan,6,15.927971,120.641871,32.0
Rosales,Coliling,6,15.85408,120.62198,33.0
Rosales,DonAntonioVillage,6,15.898567,120.623,34.0
Rosales,Guiling,6,15.84982,120.6235,31.0
Rosales,Palakipak,6,15.864083,120.617833,32.0
Rosales,Pangaoan,6,15.83765,120.643483,33.0
Rosales,Rabago,6,15.85694,120.63296,30.0
Rosales,Rizal,6,15.924167,120.630889,30.0
Rosales,Salvacion,6,15.84498,120.66118,67.0
Rosales,SanAngel,6,15.8614,120.6575,65.0
Rosales,SanAntonio,6,15.85452,120.66194,74.0
Rosales,SanBartolome,6,15.877,120.613937,30.0
Rosales,SanIsidro,6,15.83744,120.62604,30.0
Rosales,SanLuis,6,15.84218,120.65192,44.0
Rosales,SanPedroEast,6,15.894833,120.64655,38.0
Rosales,SanPedroWest,6,15.89378,120.63666,36.0
Rosales,SanVicente,6,15.84742,120.67394,91.0
Rosales,StationDistrict,6,15.89274,120.62038,32.0
Rosales,TomanaEast,6,15.893543,120.612914,34.0
Rosales,TomanaWest,6,15.892029,120.608743,28.0
Rosales,ZoneI,6,15.888375,120.624075,30.0
Rosales,ZoneII,6,15.897429,120.628114,35.0
Rosales,ZoneIII,6,15.9049,120.620167,31.0
Rosales,ZoneIV,6,15.90526,120.62972,30.0
Rosales,ZoneV,6,15.8898,120.63062,39.0
San Manuel,Cabacaraan,6,16.05634,120.67174,61.0
San Manuel,Cabaritan,6,16.051075,120.658713,54.0
San Manuel,Flores,6,16.068733,120.6855,68.0
San Manuel,GuisetNorte,6,16.07238,120.66876,74.0
San Manuel,GuisetSur,6,16.065029,120.666714,68.0
San Manuel,Lapalo,6,16.144,120.631117,325.0
San Manuel,Nagsaag,6,16.06525,120.6565,66.0
San Manuel,Narra,6,16.099693,120.698064,86.0
San Manuel,SanAntonio-Arzadon,6,16.057914,120.689343,62.0
San Manuel,SanBonifacio,6,16.083056,120.679278,80.0
San Manuel,SanJuan,6,16.04944,120.67488,59.0
San Manuel,San Roque,6,16.153538,120.682758,341.0
San Manuel,SanVicente,6,16.062945,120.710409,66.0
San Manuel,Santo Domingo,6,16.055129,120.6444,56.0
SanNicolas,Bensican,6,16.159717,120.785383,457.0
SanNicolas,Cabitnongan,6,16.07854,120.77106,97.0
SanNicolas,Caboloan,6,16.08765,120.73284,79.0
SanNicolas,Cacabugaoan,6,16.107175,120.839363,934.0
SanNicolas,Calanutian,6,16.134363,120.68725,181.0
SanNicolas,Calaocan,6,16.080433,120.78185,104.0
SanNicolas,Camanggaan,6,16.0953,120.73158,83.0
SanNicolas,Camindoroan,6,16.117686,120.702914,126.0
SanNicolas,Casaratan,6,16.070667,120.7584,83.0
SanNicolas,Dalumpinas,6,16.143956,120.790278,383.0
SanNicolas,Fianza,6,16.1511,120.810767,826.0
SanNicolas,Lungao,6,16.085114,120.761486,88.0
SanNicolas,Malico,6,16.143675,120.829375,584.0
SanNicolas,Malilion,6,16.107267,120.745183,98.0
SanNicolas,Nagkaysa,6,16.06784,120.76056,85.0
SanNicolas,Nining,6,16.06404,120.7898,93.0
SanNicolas,PoblacionEast,6,16.074275,120.762375,86.0
SanNicolas,PoblacionWest,6,16.074267,120.75725,83.0
SanNicolas,Salingcob,6,16.110563,120.776525,243.0
SanNicolas,Salpad,6,16.18376,120.76676,499.0
SanNicolas,SanFelipeEast,6,16.173607,120.706553,281.0
SanNicolas,SanFelipeWest,6,16.148975,120.7008,305.0
SanNicolas,SanIsidro,6,16.116886,120.758243,322.0
SanNicolas,SanJose,6,16.057067,120.774167,77.0
SanNicolas,SanRafaelCentro,6,16.0757,120.734117,70.0
SanNicolas,SanRafaelEast,6,16.073867,120.749167,77.0
SanNicolas,SanRafaelWest,6,16.063025,120.7324,69.0
SanNicolas,SanRoque,6,16.060889,120.752922,74.0
SanNicolas,SantaMariaEast,6,16.1137,120.8093,318.0
SanNicolas,SantaMariaWest,6,16.09686,120.79538,230.0
SanNicolas,SantoTomas,6,16.099786,120.7175,81.0
SanNicolas,Siblot,6,16.069962,120.776913,92.0
SanNicolas,Sobol,6,16.0579,120.7426,72.0
SanQuintin,Alac,6,16.00235,120.798,105.0
SanQuintin,Baligayan,6,15.95046,120.7222,45.0
SanQuintin,Bantog,6,15.962786,120.813643,96.0
SanQuintin,Bolintaguen,6,15.98075,120.782086,74.0
SanQuintin,Cabalaoangan,6,15.9811,120.809014,104.0
SanQuintin,Cabangaran,6,16.01865,120.85517,921.0
SanQuintin,Calomboyan,6,15.98305,120.821517,116.0
SanQuintin,Carayacan,6,15.969754,120.827385,116.0
SanQuintin,Casantamarian,6,16.008445,120.864073,751.0
SanQuintin,Gonzalo,6,15.991667,120.865656,263.0
SanQuintin,Labuan,6,15.9487,120.73175,45.0
SanQuintin,Lagasit,6,15.997458,120.790825,83.0
SanQuintin,Lumayao,6,15.96647,120.74172,51.0
SanQuintin,Mabini,6,16.028263,120.855238,1016.0
SanQuintin,Mantacdang,6,15.958912,120.758682,57.0
SanQuintin,Nangapugan,6,15.98223,120.87086,483.0
SanQuintin,PoblacionZoneI,6,15.98915,120.80515,99.0
SanQuintin,PoblacionZoneII,6,15.98806,120.81588,116.0
SanQuintin,PoblacionZoneIII,6,15.99424,120.81232,102.0
SanQuintin,SanPedro,6,15.969482,120.799636,85.0
SanQuintin,Ungib,6,15.978483,120.797767,88.0
SantaMaria,Bal-Loy,6,15.98052,120.72016,46.0
SantaMaria,Bantog,6,15.96855,120.694417,41.0
SantaMaria,Caboluan,6,15.9653,120.72146,45.0
SantaMaria,Cal-Litang,6,15.948025,120.651612,33.0
SantaMaria,Capandanan,6,15.96148,120.6765,39.0
SantaMaria,Cauplasan,6,15.96159,120.66668,37.0
SantaMaria,Dalayap,6,15.960257,120.697671,43.0
SantaMaria,Libsong,6,15.9594,120.72216,45.0
SantaMaria,Namagbagan,6,15.954523,120.683238,39.0
SantaMaria,Paitan,6,15.977086,120.671457,42.0
SantaMaria,Pataquid,6,15.969889,120.728856,46.0
SantaMaria,Pilar,6,15.963073,120.650391,35.0
SantaMaria,PoblacionEast,6,15.981,120.69622,49.0
SantaMaria,PoblacionWest,6,15.98098,120.69246,46.0
SantaMaria,Pugot,6,15.981488,120.741825,53.0
SantaMaria,Samon,6,15.94137,120.63935,34.0
SantaMaria,SanAlejandro,6,15.978583,120.698217,47.0
SantaMaria,SanMariano,6,15.98695,120.711567,47.0
SantaMaria,SanPablo,6,15.9476,120.701983,37.0
SantaMaria,SanPatricio,6,15.988543,120.692357,44.0
SantaMaria,SanVicente,6,15.996433,120.703233,44.0
SantaMaria,SantaCruz,6,15.959933,120.7092,40.0
SantaMaria,SantaRosa,6,15.98146,120.68564,36.0
SantoTomas,LaLuna,5,15.87796,120.57042,28.0
SantoTomas,PoblacionEast,5,15.87785,120.578467,26.0
SantoTomas,PoblacionWest,5,15.88046,120.57138,32.0
SantoTomas,Salvacion,5,15.885967,120.58405,31.0
SantoTomas,SanAgustin,5,15.87832,120.5811,30.0
SantoTomas,SanAntonio,5,15.868183,120.563483,30.0
SantoTomas,SanJose,5,15.871317,120.565317,25.0
SantoTomas,SanMarcos,5,15.8758,120.56836,31.0
SantoTomas,Santo Domingo,5,15.866967,120.576133,26.0
SantoTomas,SantoNiño,5,15.87658,120.5621,27.0
Sison,Agat,5,16.211391,120.502936,145.0
Sison,Alibeng,5,16.135789,120.613189,421.0
Sison,Amagbagan,5,16.17132,120.48238,77.0
Sison,Artacho,5,16.1978,120.49812,117.0
Sison,AsanNorte,5,16.19168,120.52068,128.0
Sison,AsanSur,5,16.1587,120.5194,78.0
Sison,BantayInsik,5,16.187225,120.463025,111.0
Sison,Bila,5,16.183429,120.5134,104.0
Sison,Binmeckeg,5,16.207287,120.475887,112.0
Sison,BulaoenEast,5,16.19356,120.46962,93.0
Sison,BulaoenWest,5,16.179443,120.463914,146.0
Sison,Cabaritan,5,16.194317,120.479733,98.0
Sison,Calunetan,5,16.158371,120.596329,669.0
Sison,Camangaan,5,16.1559,120.49035,93.0
Sison,Cauringan,5,16.189486,120.4981,109.0
Sison,Dungon,5,16.226417,120.51705,258.0
Sison,Esperanza,5,16.201225,120.489025,114.0
Sison,Inmalog,5,16.196567,120.551917,214.0
Sison,Killo,5,16.119163,120.575437,67.0
Sison,Labayug,5,16.182656,120.592789,783.0
Sison,Paldit,5,16.170625,120.5182,92.0
Sison,Pindangan,5,16.176883,120.471317,98.0
Sison,Pinmilapil,5,16.203871,120.4551,160.0
Sison,PoblacionCentral,5,16.17415,120.49775,93.0
Sison,PoblacionNorte,5,16.180117,120.4913,90.0
Sison,PoblacionSur,5,16.166543,120.504914,82.0
Sison,Sagunto,5,16.203888,120.51255,143.0
Sison,Tara-Tara,5,16.157843,120.476829,63.0
Tayug,Agno,6,16.021992,120.719992,56.0
Tayug,Amistad,6,16.033462,120.733675,58.0
Tayug,BarangayA,6,16.031843,120.744371,65.0
Tayug,BarangayB,6,16.028867,120.743567,65.0
Tayug,BarangayC,6,16.03116,120.73876,57.0
Tayug,BarangayD,6,16.026243,120.739771,64.0
Tayug,Barangobong,6,16.008789,120.719278,50.0
Tayug,C.Lichauco,6,15.983891,120.767073,63.0
Tayug,Carriedo,6,16.03884,120.75762,68.0
Tayug,Evangelista,6,16.010583,120.739733,58.0
Tayug,Guzon,6,16.031683,120.709089,55.0
Tayug,Lawak,6,15.99591,120.75107,60.0
Tayug,Legaspi,6,16.049688,120.737088,64.0
Tayug,Libertad,6,16.022614,120.759314,68.0
Tayug,Magallanes,6,16.01881,120.73012,53.0
Tayug,Panganiban,6,16.0084,120.768575,70.0
Tayug,Saleng,6,15.99514,120.75916,62.0
Tayug,SantoDomingo,6,15.997383,120.73975,60.0
Tayug,Toketec,6,16.014489,120.763667,66.0
Tayug,Trenchera,6,16.0292,120.758217,65.0
Tayug,Zamora,6,15.99795,120.775967,69.0
Umingan,AbotMolina,6,15.90409,120.83282,98.0
Umingan,Alo-O,6,15.903155,120.885264,154.0
Umingan,Amaronan,6,15.948667,120.829144,100.0
Umingan,Annam,6,15.947818,120.859364,138.0
Umingan,Bantug,6,15.914314,120.846557,115.0
Umingan,Baracbac,6,15.848754,120.851142,95.0
Umingan,Barat,6,15.943936,120.810782,85.0
Umingan,Buenavista,6,15.938517,120.789533,72.0
Umingan,Cabalitian,6,15.927117,120.747283,55.0
Umingan,Cabangaran,6,15.876975,120.870087,118.0
Umingan,Cabaruan,6,15.901563,120.740138,56.0
Umingan,Cabatuan,6,15.90125,120.852663,115.0
Umingan,Cadiz,6,15.864057,120.749043,63.0
Umingan,Calitlitan,6,15.962063,120.863875,176.0
Umingan,Capas,6,15.91285,120.826392,97.0
Umingan,CarayunganSur,6,15.889178,120.842633,100.0
Umingan,Carosalesan,6,15.887321,120.865407,121.0
Umingan,Casilan,6,15.88294,120.77689,74.0
Umingan,Caurdanetaan,6,15.924825,120.847737,118.0
Umingan,Concepcion,6,15.85781,120.77099,67.0
Umingan,Decreto,6,15.931643,120.724186,44.0
Umingan,DelRosario,6,15.913428,120.799461,80.0
Umingan,Diaz,6,15.838085,120.824763,121.0
Umingan,Diket,6,15.9432,120.889753,305.0
Umingan,DonJustoAbalos,6,15.9331,120.858857,126.0
Umingan,DonMontano,6,15.917867,120.864067,133.0
Umingan,Esperanza,6,15.941264,120.799391,78.0
Umingan,Evangelista,6,15.949725,120.844667,120.0
Umingan,Flores,6,15.935822,120.778189,67.0
Umingan,Fulgosino,6,15.900705,120.795967,87.0
Umingan,Gonzales,6,15.919069,120.752175,53.0
Umingan,LaPaz,6,15.917262,120.736537,53.0
Umingan,Labuan,6,15.94004,120.73552,45.0
Umingan,Lauren,6,15.938487,120.830925,98.0
Umingan,Lubong,6,15.92115,120.80891,81.0
Umingan,LunaEste,6,15.843488,120.806788,156.0
Umingan,LunaWeste,6,15.863714,120.78535,77.0
Umingan,Mantacdang,6,15.944671,120.763471,59.0
Umingan,Maseil-Seil,6,15.910573,120.879373,152.0
Umingan,Nampalcan,6,15.902041,120.820894,83.0
Umingan,Nancalabasaan,6,15.9313,120.82938,96.0
Umingan,Pangangaan,6,15.880553,120.815753,131.0
Umingan,Papallasen,6,15.928414,120.738557,50.0
Umingan,Pemienta,6,15.921364,120.826464,93.0
Umingan,PoblacionEast,6,15.924,120.83936,110.0
Umingan,PoblacionWest,6,15.92582,120.83406,102.0
Umingan,Prado,6,15.898269,120.769977,71.0
Umingan,Resurreccion,6,15.889138,120.736712,64.0
Umingan,Ricos,6,15.873677,120.845085,101.0
Umingan,SanAndres,6,15.9028,120.74565,58.0
Umingan,SanJuan,6,15.846791,120.7852,125.0
Umingan,SanLeon,6,15.908729,120.730271,53.0
Umingan,SanPablo,6,15.8533,120.756267,71.0
Umingan,SanVicente,6,15.876944,120.771775,69.0
Umingan,SantaMaria,6,15.914922,120.779611,75.0
Umingan,SantaRosa,6,15.87836,120.74549,59.0
Umingan,Sinabaan,6,15.929462,120.758363,63.0
Umingan,TanggalSawang,6,15.9428,120.75196,53.0
UrdanetaCity,Anonas,5,16.001314,120.577886,27.0
UrdanetaCity,BactadEast,5,15.98535,120.626817,33.0
UrdanetaCity,Bayaoas,5,15.977457,120.579443,32.0
UrdanetaCity,Bolaoen,5,15.99705,120.6132,33.0
UrdanetaCity,Cabaruan,5,15.9476,120.520683,25.0
UrdanetaCity,Cabuloan,5,15.97556,120.5997,37.0
UrdanetaCity,Camanang,5,15.962029,120.585157,30.0
UrdanetaCity,Camantiles,5,15.999229,120.545095,25.0
UrdanetaCity,Casantaan,5,15.991557,120.6122,31.0
UrdanetaCity,Catablan,5,15.980508,120.493342,16.0
UrdanetaCity,Cayambanan,5,16.006733,120.586933,29.0
UrdanetaCity,Consolacion,5,15.96005,120.61695,30.0
UrdanetaCity,DilanPaurido,5,15.982975,120.584862,28.0
UrdanetaCity,Dr.PedroT.Orata,5,15.982133,120.614633,34.0
UrdanetaCity,LabitProper,5,15.961967,120.533333,20.0
UrdanetaCity,LabitWest,5,15.960729,120.507143,19.0
UrdanetaCity,Mabanogbog,5,15.985571,120.550257,25.0
UrdanetaCity,Macalong,5,15.966733,120.617183,31.0
UrdanetaCity,Nancalobasaan,5,16.00953,120.60469,32.0
UrdanetaCity,NancamaliranEast,5,15.978833,120.558017,24.0
UrdanetaCity,NancamaliranWest,5,15.975814,120.547871,30.0
UrdanetaCity,Nancayasan,5,15.961167,120.573378,29.0
UrdanetaCity,Oltama,5,15.938817,120.506367,32.0
UrdanetaCity,PalinaEast,5,15.954467,120.560583,31.0
UrdanetaCity,PalinaWest,5,15.95975,120.545587,22.0
UrdanetaCity,Pinmaludpod,5,15.993575,120.523992,24.0
UrdanetaCity,Poblacion,5,15.9788,120.56842,26.0
UrdanetaCity,SanJose,5,15.993071,120.501857,22.0
UrdanetaCity,SanVicente,5,15.989957,120.568386,31.0
UrdanetaCity,SantaLucia,5,15.96884,120.55522,23.0
UrdanetaCity,SantoDomingo,5,15.96472,120.56184,24.0
UrdanetaCity,Sugcong,5,15.944443,120.541043,27.0
UrdanetaCity,Tipuso,5,15.974929,120.620657,34.0
UrdanetaCity,Tulong,5,16.005777,120.561831,33.0
Villasis,Amamperez,5,15.889357,120.537971,28.0
Villasis,Bacag,5,15.94225,120.586733,28.0
Villasis,Barangobong,5,15.8893,120.560333,26.0
Villasis,Barraca,5,15.918445,120.571791,26.0
Villasis,Capulaan,5,15.9044,120.541167,39.0
Villasis,Caramutan,5,15.926743,120.615186,30.0
Villasis,LaPaz,5,15.9178,120.51852,72.0
Villasis,Labit,5,15.93212,120.53218,45.0
Villasis,Lipay,5,15.903943,120.605343,29.0
Villasis,Lomboy,5,15.917533,120.59255,27.0
Villasis,Piaz,5,15.942733,120.630389,34.0
Villasis,Puelay,5,15.896544,120.5858,31.0
Villasis,SanBlas,5,15.91576,120.60112,28.0
Villasis,SanNicolas,5,15.922929,120.587429,27.0
Villasis,Tombod,5,15.9424,120.55932,24.0
Villasis,Unzad,5,15.919429,120.538629,44.0
Villasis,ZoneI,5,15.90652,120.59052,27.0
Villasis,ZoneII,5,15.9035,120.58634,30.0
Villasis,ZoneIII,5,15.90428,120.58448,30.0
Villasis,ZoneIV,5,15.90622,120.58328,32.0
Villasis,ZoneV,5,15.90906,120.5876,28.0
