municipality,barangay,district,lat,lon,elevation_m,soil_desc,soil_series,aez
Alcala,Anulid,5,15.8479,120.50105,21.0,San Manuel fine sandy loam,San Manuel,Lowlands
Alcala,Atainan,5,15.861267,120.509017,22.0,San Manuel fine sandy loam,San Manuel,Lowlands
Alcala,Bersamin,5,15.837625,120.554212,20.0,San Manuel fine sandy loam,San Manuel,Lowlands
Alcala,Canarvacanan,5,15.841114,120.540286,20.0,San Manuel fine sandy loam,San Manuel,Lowlands
Alcala,Caranglaan,5,15.858829,120.498186,25.0,San Manuel silt loam,San Manuel,Lowlands
Alcala,Curareng,5,15.8638,120.522233,25.0,San Manuel silt loam,San Manuel,Lowlands
Alcala,Gualsic,5,15.87096,120.53908,27.0,San Manuel silt loam,San Manuel,Lowlands
Alcala,Kasikis,5,15.85285,120.544167,22.0,San Manuel sand,San Manuel,Lowlands
Alcala,Laoac,5,15.84218,120.51332,28.0,San Manuel sand,San Manuel,Lowlands
Alcala,Macayo,5,15.87914,120.55634,31.0,San Manuel silt loam,San Manuel,Lowlands
Alcala,PindanganCentro,5,15.862686,120.5499,28.0,San Manuel sand,San Manuel,Lowlands
Alcala,PindanganEast,5,15.86336,120.55856,30.0,San Manuel sand,San Manuel,Lowlands
Alcala,PindanganWest,5,15.86882,120.5512,26.0,San Manuel fine sandy loam,San Manuel,Lowlands
Alcala,PoblacionEast,5,15.8475,120.524571,27.0,San Manuel sand,San Manuel,Lowlands
Alcala,PoblacionWest,5,15.84815,120.528937,28.0,San Manuel sand,San Manuel,Lowlands
Alcala,SanJuan,5,15.83908,120.52136,23.0,San Manuel fine sandy loam,San Manuel,Lowlands
Alcala,SanNicolas,5,15.85454,120.5325,25.0,San Manuel sand,San Manuel,Lowlands
Alcala,SanPedroApartado,5,15.8492,120.56177,21.0,San Manuel fine sandy loam,San Manuel,Lowlands
Alcala,SanPedroIli,5,15.85472,120.53864,27.0,San Manuel sand,San Manuel,Lowlands
Alcala,SanVicente,5,15.85475,120.516175,24.0,San Manuel fine sandy loam,San Manuel,Lowlands
Alcala,Vacante,5,15.843429,120.568429,21.0,San Manuel silt loam,San Manuel,Lowlands
Asingan,AristonEste,6,16.039,120.69976,54.0,San Manuel sandy loam,San Manuel,Lowlands
Asingan,AristonWeste,6,16.031715,120.694769,53.0,San Manuel sandy loam,San Manuel,Lowlands
Asingan,Bantog,6,16.00277,120.684944,42.0,San Manuel sandy loam,San Manuel,Lowlands
Asingan,Baro,6,16.000788,120.665987,45.0,San Manuel sandy loam,San Manuel,Lowlands
Asingan,Bobonan,6,16.0401,120.6385,51.0,San Manuel sandy loam,San Manuel,Lowlands
Asingan,Cabalitian,6,15.980733,120.653367,35.0,San Manuel sandy loam,San Manuel,Lowlands
Asingan,Calepaan,6,16.026044,120.621267,38.0,San Manuel sandy loam,San Manuel,Lowlands
Asingan,CarosucanNorte,6,15.979357,120.638829,33.0,San Manuel sandy loam,San Manuel,Lowlands
Asingan,CarosucanSur,6,15.96051,120.63873,35.0,Pangasinan river sand,Pangasinan,Lowlands
Asingan,Coldit,6,16.0387,120.64692,50.0,San Manuel sandy loam,San Manuel,Lowlands
Asingan,Domanpot,6,16.001543,120.643914,39.0,San Manuel sandy loam,San Manuel,Lowlands
Asingan,Dupac,6,16.029814,120.679436,51.0,San Manuel sandy loam,San Manuel,Lowlands
Asingan,Macalong,6,16.01705,120.65456,44.0,San Manuel sandy loam,San Manuel,Lowlands
Asingan,Palaris,6,16.035983,120.631283,43.0,San Manuel sandy loam,San Manuel,Lowlands
Asingan,PoblacionEast,6,16.010838,120.672363,48.0,San Manuel sandy loam,San Manuel,Lowlands
Asingan,PoblacionWest,6,16.009167,120.663333,47.0,San Manuel sandy loam,San Manuel,Lowlands
Asingan,SanVicenteEste,6,16.037267,120.669433,53.0,San Manuel sandy loam,San Manuel,Lowlands
Asingan,SanVicenteWeste,6,16.031492,120.6546,46.0,San Manuel sandy loam,San Manuel,Lowlands
Asingan,Sanchez,6,15.989911,120.663578,42.0,San Manuel sandy loam,San Manuel,Lowlands
Asingan,Sobol,6,16.01492,120.63005,39.0,San Manuel sandy loam,San Manuel,Lowlands
Asingan,Toboy,6,16.028746,120.637646,48.0,Pangasinan river sand,Pangasinan,Lowlands
Balungao,AngayanNorte,6,15.911458,120.695,41.0,San Manuel silt loam,San Manuel,Lowlands
Balungao,AngayanSur,6,15.90045,120.687892,41.0,San Manuel silt loam,San Manuel,Lowlands
Balungao,Capulaan,6,15.91538,120.65932,39.0,San Manuel silt loam,San Manuel,Lowlands
Balungao,Esmeralda,6,15.872327,120.709787,71.0,San Manuel silt loam,San Manuel,Lowlands
Balungao,Kita-Kita,6,15.89685,120.658475,43.0,San Manuel silt loam,San Manuel,Lowlands
Balungao,Mabini,6,15.859441,120.714159,74.0,Annam clay loam,Annam,Uplands
Balungao,Mauban,6,15.8999,120.718029,45.0,San Manuel silt loam,San Manuel,Lowlands
Balungao,Poblacion,6,15.90165,120.66475,40.0,San Manuel silt loam,San Manuel,Lowlands
Balungao,Pugaro,6,15.895045,120.672755,44.0,San Manuel silt loam,San Manuel,Lowlands
Balungao,Rajal,6,15.910554,120.703369,45.0,San Manuel silt loam,San Manuel,Lowlands
Balungao,SanAndres,6,15.865917,120.675075,109.0,San Fabian clay loam,San Fabian,Highlands
Balungao,SanAurelio1st,6,15.902922,120.678267,40.0,San Manuel silt loam,San Manuel,Lowlands
Balungao,SanAurelio2nd,6,15.893562,120.6835,43.0,San Manuel silt loam,San Manuel,Lowlands
Balungao,SanAurelio3rd,6,15.9173,120.68485,42.0,San Manuel silt loam,San Manuel,Lowlands
Balungao,SanJoaquin,6,15.940943,120.70345,40.0,San Manuel silt loam,San Manuel,Lowlands
Balungao,SanJulian,6,15.9371,120.671417,38.0,San Manuel sandy loam,San Manuel,Lowlands
Balungao,SanLeon,6,15.92285,120.710383,42.0,San Manuel silt loam,San Manuel,Lowlands
Balungao,SanMarcelino,6,15.936125,120.655012,36.0,San Manuel sandy loam,San Manuel,Lowlands
Balungao,SanMiguel,6,15.9276,120.65869,38.0,San Manuel sandy loam,San Manuel,Lowlands
Balungao,SanRaymundo,6,15.926543,120.685443,43.0,San Manuel sandy loam,San Manuel,Lowlands
Bautista,Artacho,5,15.82542,120.55934,22.0,San Manuel silt loam,San Manuel,Lowlands
Bautista,Baluyot,5,15.806614,120.474443,21.0,San Manuel sand,San Manuel,Lowlands
Bautista,Cabuaan,5,15.809444,120.480122,23.0,San Manuel sand,San Manuel,Lowlands
Bautista,Cacandongan,5,15.828487,120.490687,25.0,San Manuel sand,San Manuel,Lowlands
Bautista,Diaz,5,15.80404,120.510033,19.0,San Manuel silt loam,San Manuel,Lowlands
Bautista,Ketegan,5,15.82368,120.49276,21.0,San Manuel sand,San Manuel,Lowlands
Bautista,Nandacan,5,15.81924,120.48736,23.0,San Manuel sand,San Manuel,Lowlands
Bautista,NibaliwNorte,5,15.8168,120.468983,24.0,San Manuel sand,San Manuel,Lowlands
Bautista,NibaliwSur,5,15.8119,120.47082,22.0,San Manuel sand,San Manuel,Lowlands
Bautista,Palisoc,5,15.819143,120.500271,21.0,San Manuel fine sandy loam,San Manuel,Lowlands
Bautista,PoblacionEast,5,15.814113,120.485687,22.0,San Manuel sand,San Manuel,Lowlands
Bautista,PoblacionWest,5,15.813863,120.477375,21.0,San Manuel sand,San Manuel,Lowlands
Bautista,Pogo,5,15.82454,120.50955,21.0,San Manuel fine sandy loam,San Manuel,Lowlands
Bautista,Poponto,5,15.776871,120.537057,16.0,San Manuel silt loam,San Manuel,Lowlands
Bautista,Primicias,5,15.805289,120.549844,23.0,San Manuel silt loam,San Manuel,Lowlands
Bautista,Sinabaan,5,15.8202,120.472883,26.0,San Manuel sand,San Manuel,Lowlands
Bautista,Vacante,5,15.801264,120.492136,21.0,San Manuel fine sandy loam,San Manuel,Lowlands
Bautista,Villanueva,5,15.822413,120.543262,19.0,San Manuel silt loam,San Manuel,Lowlands
Binalonan,Balangobong,5,16.02684,120.60524,34.0,San Manuel sandy loam,San Manuel,Lowlands
Binalonan,Bued,5,16.04544,120.5784,32.0,San Manuel silty clay loam,San Manuel,Lowlands
Binalonan,Bugayong,5,16.088786,120.567114,49.0,San Manuel fine sandy loam,San Manuel,Lowlands
Binalonan,Camangaan,5,16.100983,120.585167,62.0,San Manuel fine sandy loam,San Manuel,Lowlands
Binalonan,Canarvacanan,5,16.06075,120.580462,45.0,San Manuel silty clay loam,San Manuel,Lowlands
Binalonan,Capas,5,16.05885,120.610283,46.0,San Manuel sandy loam,San Manuel,Lowlands
Binalonan,Cili,5,16.08097,120.5827,49.0,San Manuel sandy loam,San Manuel,Lowlands
Binalonan,Dumayat,5,16.067583,120.572483,41.0,San Manuel silty clay loam,San Manuel,Lowlands
Binalonan,Linmansangan,5,16.055356,120.573944,38.0,San Manuel silty clay loam,San Manuel,Lowlands
Binalonan,Mangcasuy,5,16.077392,120.620783,58.0,San Manuel sandy loam,San Manuel,Lowlands
Binalonan,Moreno,5,16.109587,120.616263,253.0,Umingan silt loam,Umingan,Lowlands
Binalonan,PasilengNorte,5,16.041062,120.593238,41.0,San Manuel fine sandy loam,San Manuel,Lowlands
Binalonan,PasilengSur,5,16.03302,120.60294,36.0,San Manuel sandy loam,San Manuel,Lowlands
Binalonan,Poblacion,5,16.050267,120.587917,36.0,San Manuel sandy loam,San Manuel,Lowlands
Binalonan,SanFelipeCentral,5,16.049486,120.6271,49.0,San Manuel sandy loam,San Manuel,Lowlands
Binalonan,SanFelipeSur,5,16.051045,120.603,41.0,San Manuel sandy loam,San Manuel,Lowlands
Binalonan,SanPablo,5,16.03578,120.61882,39.0,San Manuel sandy loam,San Manuel,Lowlands
Binalonan,SantaCatalina,5,16.096712,120.620118,106.0,Umingan silt loam,Umingan,Lowlands
Binalonan,SantaMariaNorte,5,16.069067,120.587489,41.0,San Manuel sandy loam,San Manuel,Lowlands
Binalonan,Santiago,5,16.04622,120.5712,36.0,San Manuel silty clay loam,San Manuel,Lowlands
Binalonan,SantoNiño,5,16.061925,120.593437,43.0,San Manuel sandy loam,San Manuel,Lowlands
Binalonan,Sumabnit,5,16.030617,120.573333,31.0,San Manuel fine sandy loam,San Manuel,Lowlands
Binalonan,Tabuyoc,5,16.026162,120.587963,32.0,San Manuel sandy loam,San Manuel,Lowlands
Binalonan,Vacante,5,16.075214,120.569993,50.0,San Manuel silty clay loam,San Manuel,Lowlands
Laoac,Anis,5,16.037138,120.56035,30.0,San Manuel silty clay loam,San Manuel,Lowlands
Laoac,Balligi,5,16.060614,120.557843,32.0,San Manuel silty clay loam,San Manuel,Lowlands
Laoac,Banuar,5,16.059367,120.537083,26.0,San Manuel silty clay loam,San Manuel,Lowlands
Laoac,Botique,5,16.076333,120.553183,42.0,San Manuel fine sandy loam,San Manuel,Lowlands
Laoac,Caaringayan,5,16.03872,120.5523,26.0,San Manuel silty clay loam,San Manuel,Lowlands
Laoac,CabilaoanWest,5,16.023143,120.5419,23.0,San Manuel silty clay loam,San Manuel,Lowlands
Laoac,Cabulalaan,5,16.071222,120.542033,37.0,San Manuel fine sandy loam,San Manuel,Lowlands
Laoac,Calaoagan,5,16.06424,120.5325,34.0,San Manuel silty clay loam,San Manuel,Lowlands
Laoac,Calmay,5,16.035136,120.5117,23.0,San Manuel fine sandy loam,San Manuel,Lowlands
Laoac,Casampagaan,5,16.0512,120.551617,31.0,San Manuel silty clay loam,San Manuel,Lowlands
Laoac,Casanestebanan,5,16.0473,120.523786,20.0,San Manuel silt loam,San Manuel,Lowlands
Laoac,Casantiagoan,5,16.02328,120.56504,28.0,San Manuel fine sandy loam,San Manuel,Lowlands
Laoac,DomingoAlarcio,5,16.023383,120.55195,25.0,San Manuel silty clay loam,San Manuel,Lowlands
Laoac,Inmanduyan,5,16.04702,120.50936,19.0,San Manuel fine sandy loam,San Manuel,Lowlands
Laoac,Lebueg,5,16.028525,120.561337,29.0,San Manuel silty clay loam,San Manuel,Lowlands
Laoac,Maraboc,5,16.062956,120.521489,22.0,San Manuel fine sandy loam,San Manuel,Lowlands
Laoac,Nanbagatan,5,16.039675,120.5306,21.0,San Manuel silt loam,San Manuel,Lowlands
Laoac,Panaga,5,16.0816,120.547255,37.0,San Manuel silty clay loam,San Manuel,Lowlands
Laoac,Poblacion,5,16.062333,120.5482,32.0,San Manuel silty clay loam,San Manuel,Lowlands
Laoac,Talogtog,5,16.057771,120.529643,28.0,San Manuel silt loam,San Manuel,Lowlands
Laoac,Turko,5,16.074367,120.531508,30.0,San Manuel silty clay loam,San Manuel,Lowlands
Laoac,Yatyat,5,16.013517,120.557417,27.0,San Manuel fine sandy loam,San Manuel,Lowlands
Natividad,Barangobong,6,16.047371,120.780914,77.0,Umingan sandy loam,Umingan,Lowlands
Natividad,BatchelorEast,6,16.0514,120.814783,120.0,Umingan sandy loam,Umingan,Lowlands
Natividad,BatchelorWest,6,16.049067,120.806367,105.0,Umingan sandy loam,Umingan,Lowlands
Natividad,Burgos,6,16.028643,120.7789,74.0,San Manuel sandy loam,San Manuel,Lowlands
Natividad,Cacandungan,6,16.060467,120.834967,222.0,Annam clay loam,Annam,Uplands
Natividad,Calapugan,6,16.037378,120.812667,106.0,Umingan sandy loam,Umingan,Lowlands
Natividad,Canarem,6,16.037571,120.781371,76.0,Umingan sandy loam,Umingan,Lowlands
Natividad,Luna,6,16.0139,120.787238,80.0,San Manuel sand,San Manuel,Lowlands
Natividad,PoblacionEast,6,16.04176,120.79306,88.0,Umingan sandy loam,Umingan,Lowlands
Natividad,PoblacionWest,6,16.04678,120.79798,92.0,Umingan sandy loam,Umingan,Lowlands
Natividad,Rizal,6,16.042729,120.779243,72.0,Umingan sandy loam,Umingan,Lowlands
Natividad,Salud,6,16.053383,120.790067,85.0,Umingan sandy loam,Umingan,Lowlands
Natividad,SanEugenio,6,16.074025,120.829775,413.0,Annam clay loam,Annam,Uplands
Natividad,SanMacarioNorte,6,16.053092,120.84245,437.0,Annam clay loam,Annam,Uplands
Natividad,SanMacarioSur,6,16.035614,120.8279,187.0,Annam clay loam,Annam,Uplands
Natividad,SanMaximo,6,16.040156,120.803522,98.0,Umingan sandy loam,Umingan,Lowlands
Natividad,SanMiguel,6,16.0219,120.79655,82.0,Umingan sandy loam,Umingan,Lowlands
Natividad,Silag,6,16.011586,120.782686,77.0,San Manuel sand,San Manuel,Lowlands
Pozzorubio,Alipangpang,5,16.112171,120.553243,56.0,San Manuel silty clay loam,San Manuel,Lowlands
Pozzorubio,Amagbagan,5,16.09131,120.53622,38.0,San Manuel silty clay loam,San Manuel,Lowlands
Pozzorubio,Balacag,5,16.13625,120.4776,91.0,San Fabian clay loam,San Fabian,Highlands
Pozzorubio,Banding,5,16.1039,120.54356,52.0,San Manuel silty clay loam,San Manuel,Lowlands
Pozzorubio,Bantugan,5,16.107988,120.52075,38.0,Umingan silt loam,Umingan,Lowlands
Pozzorubio,Batakil,5,16.150457,120.516643,66.0,Umingan silt loam,Umingan,Lowlands
Pozzorubio,Bobonan,5,16.140322,120.5203,53.0,Umingan silt loam,Umingan,Lowlands
Pozzorubio,Buneg,5,16.126175,120.56195,72.0,Umingan silt loam,Umingan,Lowlands
Pozzorubio,Cablong,5,16.12784,120.53274,62.0,Umingan silt loam,Umingan,Lowlands
Pozzorubio,Casanfernandoan,5,16.124829,120.477243,61.0,San Fabian clay loam,San Fabian,Highlands
Pozzorubio,Castaño,5,16.114736,120.506436,40.0,San Fabian clay loam,San Fabian,Highlands
Pozzorubio,Dilan,5,16.088471,120.520557,36.0,San Manuel silty clay loam,San Manuel,Lowlands
Pozzorubio,DonBenito,5,16.141843,120.497871,61.0,Pangasinan river sand,Pangasinan,Lowlands
Pozzorubio,Haway,5,16.114767,120.481917,62.0,San Fabian clay loam,San Fabian,Highlands
Pozzorubio,Imbalbalatong,5,16.128771,120.549471,73.0,Umingan silt loam,Umingan,Lowlands
Pozzorubio,Inoman,5,16.150243,120.529286,61.0,Umingan silt loam,Umingan,Lowlands
Pozzorubio,Laoac,5,16.14382,120.50617,81.0,Umingan silt loam,Umingan,Lowlands
Pozzorubio,Maambal,5,16.10248,120.4878,52.0,San Fabian clay loam,San Fabian,Highlands
Pozzorubio,Malasin,5,16.10045,120.51985,36.0,San Manuel silty clay loam,San Manuel,Lowlands
Pozzorubio,Malokiat,5,16.127514,120.496329,49.0,San Fabian clay loam,San Fabian,Highlands
Pozzorubio,Manaol,5,16.118883,120.510183,45.0,Pangasinan river sand,Pangasinan,Lowlands
Pozzorubio,Nama,5,16.137325,120.534125,61.0,Umingan silt loam,Umingan,Lowlands
Pozzorubio,Nantangalan,5,16.092491,120.503209,43.0,San Fabian clay loam,San Fabian,Highlands
Pozzorubio,Palacpalac,5,16.13195,120.52365,52.0,Umingan silt loam,Umingan,Lowlands
Pozzorubio,Palguyod,5,16.128929,120.5124,48.0,Pangasinan river sand,Pangasinan,Lowlands
Pozzorubio,PoblacionI,5,16.11972,120.53428,56.0,San Manuel silty clay loam,San Manuel,Lowlands
Pozzorubio,PoblacionII,5,16.115617,120.534817,49.0,San Manuel silty clay loam,San Manuel,Lowlands
Pozzorubio,PoblacionIII,5,16.12086,120.54196,57.0,San Manuel silty clay loam,San Manuel,Lowlands
Pozzorubio,PoblacionIV,5,16.11468,120.54258,56.0,San Manuel silty clay loam,San Manuel,Lowlands
Pozzorubio,Rosario,5,16.10018,120.56152,53.0,San Manuel silty clay loam,San Manuel,Lowlands
Pozzorubio,Sugcong,5,16.148117,120.546817,150.0,Umingan silt loam,Umingan,Lowlands
Pozzorubio,Talogtog,5,16.10945,120.534633,45.0,San Manuel silty clay loam,San Manuel,Lowlands
Pozzorubio,Tulnac,5,16.117529,120.525029,46.0,San Manuel silty clay loam,San Manuel,Lowlands
Pozzorubio,Villegas,5,16.141614,120.554571,85.0,Umingan silt loam,Umingan,Lowlands
Rosales,Acop,6,15.86822,120.65452,42.0,San Fabian clay loam,San Fabian,Highlands
Rosales,Bakitbakit,6,15.8806,120.6515,35.0,San Manuel silt loam,San Manuel,Lowlands
Rosales,Balingcanaway,6,15.896867,120.651517,40.0,San Manuel silt loam,San Manuel,Lowlands
Rosales,CabalaoanganNorte,6,15.885,120.627157,32.0,San Manuel silt loam,San Manuel,Lowlands
Rosales,CabalaoanganSur,6,15.879786,120.634929,34.0,San Manuel silt loam,San Manuel,Lowlands
Rosales,Calanutan,6,15.86538,120.63548,31.0,San Manuel silt loam,San Manuel,Lowlands
Rosales,Camangaan,6,15.848967,120.634317,33.0,San Manuel silt loam,San Manuel,Lowlands
Rosales,CapitanTomas,6,15.909583,120.6458,35.0,Annam clay loam,Annam,Uplands
Rosales,CarmayEast,6,15.91566,120.64044,33.0,San Manuel sandy loam,San Manuel,Lowlands
Rosales,CarmayWest,6,15.913167,120.624417,30.0,San Manuel sandy loam,San Manuel,Lowlands
Rosales,CarmenEast,6,15.88938,120.60206,28.0,San Manuel sand,San Manuel,Lowlands
Rosales,CarmenWest,6,15.88992,120.5942,28.0,San Manuel fine sandy loam,San Manuel,Lowlands
Rosales,Casanicolasan,6,15.927971,120.641871,32.0,San Manuel sandy loam,San Manuel,Lowlands
Rosales,Coliling,6,15.85408,120.62198,33.0,San Manuel silt loam,San Manuel,Lowlands
Rosales,DonAntonioVillage,6,15.898567,120.623,34.0,San Manuel sand,San Manuel,Lowlands
Rosales,Guiling,6,15.84982,120.6235,31.0,San Manuel silt loam,San Manuel,Lowlands
Rosales,Palakipak,6,15.864083,120.617833,32.0,San Manuel silt loam,San Manuel,Lowlands
Rosales,Pangaoan,6,15.83765,120.643483,33.0,San Fabian clay loam,San Fabian,Highlands
Rosales,Rabago,6,15.85694,120.63296,30.0,San Manuel silt loam,San Manuel,Lowlands
Rosales,Rizal,6,15.924167,120.630889,30.0,San Manuel sand,San Manuel,Lowlands
Rosales,Salvacion,6,15.84498,120.66118,67.0,San Fabian clay loam,San Fabian,Highlands
Rosales,SanAngel,6,15.8614,120.6575,65.0,San Fabian clay loam,San Fabian,Highlands
Rosales,SanAntonio,6,15.85452,120.66194,74.0,San Fabian clay loam,San Fabian,Highlands
Rosales,SanBartolome,6,15.877,120.613937,30.0,San Manuel fine sandy loam,San Manuel,Lowlands
Rosales,SanIsidro,6,15.83744,120.62604,30.0,San Manuel silt loam,San Manuel,Lowlands
Rosales,SanLuis,6,15.84218,120.65192,44.0,San Fabian clay loam,San Fabian,Highlands
Rosales,SanPedroEast,6,15.894833,120.64655,38.0,San Manuel silt loam,San Manuel,Lowlands
Rosales,SanPedroWest,6,15.89378,120.63666,36.0,San Manuel silt loam,San Manuel,Lowlands
Rosales,SanVicente,6,15.84742,120.67394,91.0,San Fabian clay loam,San Fabian,Highlands
Rosales,StationDistrict,6,15.89274,120.62038,32.0,San Manuel sand,San Manuel,Lowlands
Rosales,TomanaEast,6,15.893543,120.612914,34.0,San Manuel sand,San Manuel,Lowlands
Rosales,TomanaWest,6,15.892029,120.608743,28.0,San Manuel sand,San Manuel,Lowlands
Rosales,ZoneI,6,15.888375,120.624075,30.0,San Manuel silt loam,San Manuel,Lowlands
Rosales,ZoneII,6,15.897429,120.628114,35.0,Annam clay loam,Annam,Uplands
Rosales,ZoneIII,6,15.9049,120.620167,31.0,San Manuel sand,San Manuel,Lowlands
Rosales,ZoneIV,6,15.90526,120.62972,30.0,San Manuel sand,San Manuel,Lowlands
Rosales,ZoneV,6,15.8898,120.63062,39.0,San Manuel silt loam,San Manuel,Lowlands
San Manuel,Cabacaraan,6,16.05634,120.67174,61.0,San Manuel sandy loam,San Manuel,Lowlands
San Manuel,Cabaritan,6,16.051075,120.658713,54.0,Umingan sand,Umingan,Lowlands
San Manuel,Flores,6,16.068733,120.6855,68.0,Umingan sand,Umingan,Lowlands
San Manuel,GuisetNorte,6,16.07238,120.66876,74.0,Umingan sand,Umingan,Lowlands
San Manuel,GuisetSur,6,16.065029,120.666714,68.0,Umingan sand,Umingan,Lowlands
San Manuel,Lapalo,6,16.144,120.631117,325.0,Annam clay loam,Annam,Uplands
San Manuel,Nagsaag,6,16.06525,120.6565,66.0,Umingan sand,Umingan,Lowlands
San Manuel,Narra,6,16.099693,120.698064,86.0,Pangasinan river sand,Pangasinan,Lowlands
San Manuel,SanAntonio-Arzadon,6,16.057914,120.689343,62.0,San Manuel sandy loam,San Manuel,Lowlands
San Manuel,SanBonifacio,6,16.083056,120.679278,80.0,Umingan sand,Umingan,Lowlands
San Manuel,SanJuan,6,16.04944,120.67488,59.0,San Manuel sandy loam,San Manuel,Lowlands
San Manuel,San Roque,6,16.153538,120.682758,341.0,Pangasinan river sand,Pangasinan,Lowlands
San Manuel,SanVicente,6,16.062945,120.710409,66.0,Umingan sand,Umingan,Lowlands
San Manuel,Santo Domingo,6,16.055129,120.6444,56.0,Umingan sand,Umingan,Lowlands
SanNicolas,Bensican,6,16.159717,120.785383,457.0,Annam clay loam,Annam,Uplands
SanNicolas,Cabitnongan,6,16.07854,120.77106,97.0,Umingan sandy loam,Umingan,Lowlands
SanNicolas,Caboloan,6,16.08765,120.73284,79.0,Umingan sandy loam,Umingan,Lowlands
SanNicolas,Cacabugaoan,6,16.107175,120.839363,934.0,Annam clay loam,Annam,Uplands
SanNicolas,Calanutian,6,16.134363,120.68725,181.0,Annam clay loam,Annam,Uplands
SanNicolas,Calaocan,6,16.080433,120.78185,104.0,Umingan sandy loam,Umingan,Lowlands
SanNicolas,Camanggaan,6,16.0953,120.73158,83.0,Umingan sandy loam,Umingan,Lowlands
SanNicolas,Camindoroan,6,16.117686,120.702914,126.0,Pangasinan river sand,Pangasinan,Lowlands
SanNicolas,Casaratan,6,16.070667,120.7584,83.0,Umingan sandy loam,Umingan,Lowlands
SanNicolas,Dalumpinas,6,16.143956,120.790278,383.0,Annam clay loam,Annam,Uplands
SanNicolas,Fianza,6,16.1511,120.810767,826.0,Annam clay loam,Annam,Uplands
SanNicolas,Lungao,6,16.085114,120.761486,88.0,Umingan sandy loam,Umingan,Lowlands
SanNicolas,Malico,6,16.143675,120.829375,584.0,Annam clay loam,Annam,Uplands
SanNicolas,Malilion,6,16.107267,120.745183,98.0,Umingan sandy loam,Umingan,Lowlands
SanNicolas,Nagkaysa,6,16.06784,120.76056,85.0,Umingan sandy loam,Umingan,Lowlands
SanNicolas,Nining,6,16.06404,120.7898,93.0,Umingan sandy loam,Umingan,Lowlands
SanNicolas,PoblacionEast,6,16.074275,120.762375,86.0,Umingan sandy loam,Umingan,Lowlands
SanNicolas,PoblacionWest,6,16.074267,120.75725,83.0,Umingan sandy loam,Umingan,Lowlands
SanNicolas,Salingcob,6,16.110563,120.776525,243.0,Umingan sandy loam,Umingan,Lowlands
SanNicolas,Salpad,6,16.18376,120.76676,499.0,Annam clay loam,Annam,Uplands
SanNicolas,SanFelipeEast,6,16.173607,120.706553,281.0,Annam clay loam,Annam,Uplands
SanNicolas,SanFelipeWest,6,16.148975,120.7008,305.0,Annam clay loam,Annam,Uplands
SanNicolas,SanIsidro,6,16.116886,120.758243,322.0,Umingan sandy loam,Umingan,Lowlands
SanNicolas,SanJose,6,16.057067,120.774167,77.0,Umingan sandy loam,Umingan,Lowlands
SanNicolas,SanRafaelCentro,6,16.0757,120.734117,70.0,Umingan sandy loam,Umingan,Lowlands
SanNicolas,SanRafaelEast,6,16.073867,120.749167,77.0,Umingan sandy loam,Umingan,Lowlands
SanNicolas,SanRafaelWest,6,16.063025,120.7324,69.0,San Manuel sandy loam,San Manuel,Lowlands
SanNicolas,SanRoque,6,16.060889,120.752922,74.0,Umingan sandy loam,Umingan,Lowlands
SanNicolas,SantaMariaEast,6,16.1137,120.8093,318.0,Annam clay loam,Annam,Uplands
SanNicolas,SantaMariaWest,6,16.09686,120.79538,230.0,Umingan sandy loam,Umingan,Lowlands
SanNicolas,SantoTomas,6,16.099786,120.7175,81.0,Pangasinan river sand,Pangasinan,Lowlands
SanNicolas,Siblot,6,16.069962,120.776913,92.0,Umingan sandy loam,Umingan,Lowlands
SanNicolas,Sobol,6,16.0579,120.7426,72.0,Umingan sandy loam,Umingan,Lowlands
SanQuintin,Alac,6,16.00235,120.798,105.0,Umingan silt loam,Umingan,Lowlands
SanQuintin,Baligayan,6,15.95046,120.7222,45.0,San Manuel sandy loam,San Manuel,Lowlands
SanQuintin,Bantog,6,15.962786,120.813643,96.0,Umingan silt loam,Umingan,Lowlands
SanQuintin,Bolintaguen,6,15.98075,120.782086,74.0,Umingan silt loam,Umingan,Lowlands
SanQuintin,Cabalaoangan,6,15.9811,120.809014,104.0,Umingan silt loam,Umingan,Lowlands
SanQuintin,Cabangaran,6,16.01865,120.85517,921.0,Annam clay loam,Annam,Uplands
SanQuintin,Calomboyan,6,15.98305,120.821517,116.0,Umingan silt loam,Umingan,Lowlands
SanQuintin,Carayacan,6,15.969754,120.827385,116.0,Umingan silt loam,Umingan,Lowlands
SanQuintin,Casantamarian,6,16.008445,120.864073,751.0,Annam clay loam,Annam,Uplands
SanQuintin,Gonzalo,6,15.991667,120.865656,263.0,Annam clay loam,Annam,Uplands
SanQuintin,Labuan,6,15.9487,120.73175,45.0,San Manuel sandy loam,San Manuel,Lowlands
SanQuintin,Lagasit,6,15.997458,120.790825,83.0,Umingan silt loam,Umingan,Lowlands
SanQuintin,Lumayao,6,15.96647,120.74172,51.0,San Manuel sandy loam,San Manuel,Lowlands
SanQuintin,Mabini,6,16.028263,120.855238,1016.0,Annam clay loam,Annam,Uplands
SanQuintin,Mantacdang,6,15.958912,120.758682,57.0,San Manuel sandy loam,San Manuel,Lowlands
SanQuintin,Nangapugan,6,15.98223,120.87086,483.0,Annam clay loam,Annam,Uplands
SanQuintin,PoblacionZoneI,6,15.98915,120.80515,99.0,Umingan silt loam,Umingan,Lowlands
SanQuintin,PoblacionZoneII,6,15.98806,120.81588,116.0,Umingan silt loam,Umingan,Lowlands
SanQuintin,PoblacionZoneIII,6,15.99424,120.81232,102.0,Umingan silt loam,Umingan,Lowlands
SanQuintin,SanPedro,6,15.969482,120.799636,85.0,Umingan silt loam,Umingan,Lowlands
SanQuintin,Ungib,6,15.978483,120.797767,88.0,Umingan silt loam,Umingan,Lowlands
SantaMaria,Bal-Loy,6,15.98052,120.72016,46.0,San Manuel sandy loam,San Manuel,Lowlands
SantaMaria,Bantog,6,15.96855,120.694417,41.0,San Manuel sandy loam,San Manuel,Lowlands
SantaMaria,Caboluan,6,15.9653,120.72146,45.0,San Manuel sandy loam,San Manuel,Lowlands
SantaMaria,Cal-Litang,6,15.948025,120.651612,33.0,San Manuel sandy loam,San Manuel,Lowlands
SantaMaria,Capandanan,6,15.96148,120.6765,39.0,San Manuel sandy loam,San Manuel,Lowlands
SantaMaria,Cauplasan,6,15.96159,120.66668,37.0,San Manuel sandy loam,San Manuel,Lowlands
SantaMaria,Dalayap,6,15.960257,120.697671,43.0,San Manuel silt loam,San Manuel,Lowlands
SantaMaria,Libsong,6,15.9594,120.72216,45.0,San Manuel sandy loam,San Manuel,Lowlands
SantaMaria,Namagbagan,6,15.954523,120.683238,39.0,San Manuel silt loam,San Manuel,Lowlands
SantaMaria,Paitan,6,15.977086,120.671457,42.0,Pangasinan river sand,Pangasinan,Lowlands
SantaMaria,Pataquid,6,15.969889,120.728856,46.0,San Manuel sandy loam,San Manuel,Lowlands
SantaMaria,Pilar,6,15.963073,120.650391,35.0,San Manuel sand,San Manuel,Lowlands
SantaMaria,PoblacionEast,6,15.981,120.69622,49.0,San Manuel sandy loam,San Manuel,Lowlands
SantaMaria,PoblacionWest,6,15.98098,120.69246,46.0,San Manuel sandy loam,San Manuel,Lowlands
SantaMaria,Pugot,6,15.981488,120.741825,53.0,San Manuel sandy loam,San Manuel,Lowlands
SantaMaria,Samon,6,15.94137,120.63935,34.0,San Manuel sand,San Manuel,Lowlands
SantaMaria,SanAlejandro,6,15.978583,120.698217,47.0,San Manuel sandy loam,San Manuel,Lowlands
SantaMaria,SanMariano,6,15.98695,120.711567,47.0,San Manuel sand,San Manuel,Lowlands
SantaMaria,SanPablo,6,15.9476,120.701983,37.0,San Manuel silt loam,San Manuel,Lowlands
SantaMaria,SanPatricio,6,15.988543,120.692357,44.0,Pangasinan river sand,Pangasinan,Lowlands
SantaMaria,SanVicente,6,15.996433,120.703233,44.0,Pangasinan river sand,Pangasinan,Lowlands
SantaMaria,SantaCruz,6,15.959933,120.7092,40.0,San Manuel silt loam,San Manuel,Lowlands
SantaMaria,SantaRosa,6,15.98146,120.68564,36.0,San Manuel sand,San Manuel,Lowlands
SantoTomas,LaLuna,5,15.87796,120.57042,28.0,San Manuel fine sandy loam,San Manuel,Lowlands
SantoTomas,PoblacionEast,5,15.87785,120.578467,26.0,San Manuel fine sandy loam,San Manuel,Lowlands
SantoTomas,PoblacionWest,5,15.88046,120.57138,32.0,San Manuel fine sandy loam,San Manuel,Lowlands
SantoTomas,Salvacion,5,15.885967,120.58405,31.0,San Manuel fine sandy loam,San Manuel,Lowlands
SantoTomas,SanAgustin,5,15.87832,120.5811,30.0,San Manuel sand,San Manuel,Lowlands
SantoTomas,SanAntonio,5,15.868183,120.563483,30.0,San Manuel sand,San Manuel,Lowlands
SantoTomas,SanJose,5,15.871317,120.565317,25.0,San Manuel sand,San Manuel,Lowlands
SantoTomas,SanMarcos,5,15.8758,120.56836,31.0,San Manuel fine sandy loam,San Manuel,Lowlands
SantoTomas,Santo Domingo,5,15.866967,120.576133,26.0,San Manuel fine sandy loam,San Manuel,Lowlands
SantoTomas,SantoNiño,5,15.87658,120.5621,27.0,San Manuel fine sandy loam,San Manuel,Lowlands
Sison,Agat,5,16.211391,120.502936,145.0,Umingan clay loam,Umingan,Lowlands
Sison,Alibeng,5,16.135789,120.613189,421.0,Annam clay loam,Annam,Uplands
Sison,Amagbagan,5,16.17132,120.48238,77.0,Umingan silt loam,Umingan,Lowlands
Sison,Artacho,5,16.1978,120.49812,117.0,Pangasinan river sand,Pangasinan,Lowlands
Sison,AsanNorte,5,16.19168,120.52068,128.0,Umingan sandy loam,Umingan,Lowlands
Sison,AsanSur,5,16.1587,120.5194,78.0,Umingan sandy loam,Umingan,Lowlands
Sison,BantayInsik,5,16.187225,120.463025,111.0,Pangasinan river sand,Pangasinan,Lowlands
Sison,Bila,5,16.183429,120.5134,104.0,Umingan sandy loam,Umingan,Lowlands
Sison,Binmeckeg,5,16.207287,120.475887,112.0,Umingan clay loam,Umingan,Lowlands
Sison,BulaoenEast,5,16.19356,120.46962,93.0,Pangasinan river sand,Pangasinan,Lowlands
Sison,BulaoenWest,5,16.179443,120.463914,146.0,San Fabian clay loam,San Fabian,Highlands
Sison,Cabaritan,5,16.194317,120.479733,98.0,Umingan silt loam,Umingan,Lowlands
Sison,Calunetan,5,16.158371,120.596329,669.0,Annam clay loam,Annam,Uplands
Sison,Camangaan,5,16.1559,120.49035,93.0,San Fabian clay loam,San Fabian,Highlands
Sison,Cauringan,5,16.189486,120.4981,109.0,Umingan silt loam,Umingan,Lowlands
Sison,Dungon,5,16.226417,120.51705,258.0,Annam clay loam,Annam,Uplands
Sison,Esperanza,5,16.201225,120.489025,114.0,Pangasinan river sand,Pangasinan,Lowlands
Sison,Inmalog,5,16.196567,120.551917,214.0,Annam clay loam,Annam,Uplands
Sison,Killo,5,16.119163,120.575437,67.0,Umingan silt loam,Umingan,Lowlands
Sison,Labayug,5,16.182656,120.592789,783.0,Annam clay loam,Annam,Uplands
Sison,Paldit,5,16.170625,120.5182,92.0,Umingan sandy loam,Umingan,Lowlands
Sison,Pindangan,5,16.176883,120.471317,98.0,Pangasinan river sand,Pangasinan,Lowlands
Sison,Pinmilapil,5,16.203871,120.4551,160.0,San Fabian clay loam,San Fabian,Highlands
Sison,PoblacionCentral,5,16.17415,120.49775,93.0,Umingan silt loam,Umingan,Lowlands
Sison,PoblacionNorte,5,16.180117,120.4913,90.0,Umingan silt loam,Umingan,Lowlands
Sison,PoblacionSur,5,16.166543,120.504914,82.0,Umingan silt loam,Umingan,Lowlands
Sison,Sagunto,5,16.203888,120.51255,143.0,Umingan sandy loam,Umingan,Lowlands
Sison,Tara-Tara,5,16.157843,120.476829,63.0,Pangasinan river sand,Pangasinan,Lowlands
Tayug,Agno,6,16.021992,120.719992,56.0,Pangasinan river sand,Pangasinan,Lowlands
Tayug,Amistad,6,16.033462,120.733675,58.0,San Manuel sand,San Manuel,Lowlands
Tayug,BarangayA,6,16.031843,120.744371,65.0,San Manuel sandy loam,San Manuel,Lowlands
Tayug,BarangayB,6,16.028867,120.743567,65.0,San Manuel sandy loam,San Manuel,Lowlands
Tayug,BarangayC,6,16.03116,120.73876,57.0,San Manuel sandy loam,San Manuel,Lowlands
Tayug,BarangayD,6,16.026243,120.739771,64.0,San Manuel sandy loam,San Manuel,Lowlands
Tayug,Barangobong,6,16.008789,120.719278,50.0,San Manuel sand,San Manuel,Lowlands
Tayug,C.Lichauco,6,15.983891,120.767073,63.0,San Manuel sandy loam,San Manuel,Lowlands
Tayug,Carriedo,6,16.03884,120.75762,68.0,San Manuel sandy loam,San Manuel,Lowlands
Tayug,Evangelista,6,16.010583,120.739733,58.0,San Manuel sand,San Manuel,Lowlands
Tayug,Guzon,6,16.031683,120.709089,55.0,Pangasinan river sand,Pangasinan,Lowlands
Tayug,Lawak,6,15.99591,120.75107,60.0,San Manuel sandy loam,San Manuel,Lowlands
Tayug,Legaspi,6,16.049688,120.737088,64.0,San Manuel sandy loam,San Manuel,Lowlands
Tayug,Libertad,6,16.022614,120.759314,68.0,San Manuel sandy loam,San Manuel,Lowlands
Tayug,Magallanes,6,16.01881,120.73012,53.0,San Manuel sandy loam,San Manuel,Lowlands
Tayug,Panganiban,6,16.0084,120.768575,70.0,San Manuel sand,San Manuel,Lowlands
Tayug,Saleng,6,15.99514,120.75916,62.0,San Manuel sandy loam,San Manuel,Lowlands
Tayug,SantoDomingo,6,15.997383,120.73975,60.0,San Manuel sandy loam,San Manuel,Lowlands
Tayug,Toketec,6,16.014489,120.763667,66.0,San Manuel sand,San Manuel,Lowlands
Tayug,Trenchera,6,16.0292,120.758217,65.0,San Manuel sandy loam,San Manuel,Lowlands
Tayug,Zamora,6,15.99795,120.775967,69.0,Umingan silt loam,Umingan,Lowlands
Umingan,AbotMolina,6,15.90409,120.83282,98.0,Umingan silt loam,Umingan,Lowlands
Umingan,Alo-O,6,15.903155,120.885264,154.0,Umingan silt loam,Umingan,Lowlands
Umingan,Amaronan,6,15.948667,120.829144,100.0,Umingan silt loam,Umingan,Lowlands
Umingan,Annam,6,15.947818,120.859364,138.0,Annam clay loam,Annam,Uplands
Umingan,Bantug,6,15.914314,120.846557,115.0,Umingan silt loam,Umingan,Lowlands
Umingan,Baracbac,6,15.848754,120.851142,95.0,Annam clay loam,Annam,Uplands
Umingan,Barat,6,15.943936,120.810782,85.0,Umingan silt loam,Umingan,Lowlands
Umingan,Buenavista,6,15.938517,120.789533,72.0,Tarlac clay loam,Tarlac,Uplands
Umingan,Cabalitian,6,15.927117,120.747283,55.0,Annam clay loam,Annam,Uplands
Umingan,Cabangaran,6,15.876975,120.870087,118.0,Umingan silt loam,Umingan,Lowlands
Umingan,Cabaruan,6,15.901563,120.740138,56.0,Annam clay loam,Annam,Uplands
Umingan,Cabatuan,6,15.90125,120.852663,115.0,Umingan silt loam,Umingan,Lowlands
Umingan,Cadiz,6,15.864057,120.749043,63.0,Annam clay loam,Annam,Uplands
Umingan,Calitlitan,6,15.962063,120.863875,176.0,Annam clay loam,Annam,Uplands
Umingan,Capas,6,15.91285,120.826392,97.0,Umingan silt loam,Umingan,Lowlands
Umingan,CarayunganSur,6,15.889178,120.842633,100.0,Umingan silt loam,Umingan,Lowlands
Umingan,Carosalesan,6,15.887321,120.865407,121.0,Umingan silt loam,Umingan,Lowlands
Umingan,Casilan,6,15.88294,120.77689,74.0,Annam clay loam,Annam,Uplands
Umingan,Caurdanetaan,6,15.924825,120.847737,118.0,Umingan silt loam,Umingan,Lowlands
Umingan,Concepcion,6,15.85781,120.77099,67.0,Annam clay loam,Annam,Uplands
Umingan,Decreto,6,15.931643,120.724186,44.0,San Manuel silt loam,San Manuel,Lowlands
Umingan,DelRosario,6,15.913428,120.799461,80.0,Tarlac clay loam,Tarlac,Uplands
Umingan,Diaz,6,15.838085,120.824763,121.0,Annam clay loam,Annam,Uplands
Umingan,Diket,6,15.9432,120.889753,305.0,Annam clay loam,Annam,Uplands
Umingan,DonJustoAbalos,6,15.9331,120.858857,126.0,Umingan silt loam,Umingan,Lowlands
Umingan,DonMontano,6,15.917867,120.864067,133.0,Umingan silt loam,Umingan,Lowlands
Umingan,Esperanza,6,15.941264,120.799391,78.0,Tarlac clay loam,Tarlac,Uplands
Umingan,Evangelista,6,15.949725,120.844667,120.0,Umingan silt loam,Umingan,Lowlands
Umingan,Flores,6,15.935822,120.778189,67.0,San Manuel sandy loam,San Manuel,Lowlands
Umingan,Fulgosino,6,15.900705,120.795967,87.0,Annam clay loam,Annam,Uplands
Umingan,Gonzales,6,15.919069,120.752175,53.0,Annam clay loam,Annam,Uplands
Umingan,LaPaz,6,15.917262,120.736537,53.0,Annam clay loam,Annam,Uplands
Umingan,Labuan,6,15.94004,120.73552,45.0,San Manuel sandy loam,San Manuel,Lowlands
Umingan,Lauren,6,15.938487,120.830925,98.0,Umingan silt loam,Umingan,Lowlands
Umingan,Lubong,6,15.92115,120.80891,81.0,Tarlac clay loam,Tarlac,Uplands
Umingan,LunaEste,6,15.843488,120.806788,156.0,Annam clay loam,Annam,Uplands
Umingan,LunaWeste,6,15.863714,120.78535,77.0,Annam clay loam,Annam,Uplands
Umingan,Mantacdang,6,15.944671,120.763471,59.0,San Manuel sandy loam,San Manuel,Lowlands
Umingan,Maseil-Seil,6,15.910573,120.879373,152.0,Umingan silt loam,Umingan,Lowlands
Umingan,Nampalcan,6,15.902041,120.820894,83.0,Tarlac clay loam,Tarlac,Uplands
Umingan,Nancalabasaan,6,15.9313,120.82938,96.0,Umingan silt loam,Umingan,Lowlands
Umingan,Pangangaan,6,15.880553,120.815753,131.0,Umingan silt loam,Umingan,Lowlands
Umingan,Papallasen,6,15.928414,120.738557,50.0,Annam clay loam,Annam,Uplands
Umingan,Pemienta,6,15.921364,120.826464,93.0,Umingan silt loam,Umingan,Lowlands
Umingan,PoblacionEast,6,15.924,120.83936,110.0,Umingan silt loam,Umingan,Lowlands
Umingan,PoblacionWest,6,15.92582,120.83406,102.0,Umingan silt loam,Umingan,Lowlands
Umingan,Prado,6,15.898269,120.769977,71.0,Annam clay loam,Annam,Uplands
Umingan,Resurreccion,6,15.889138,120.736712,64.0,Annam clay loam,Annam,Uplands
Umingan,Ricos,6,15.873677,120.845085,101.0,Umingan silt loam,Umingan,Lowlands
Umingan,SanAndres,6,15.9028,120.74565,58.0,Annam clay loam,Annam,Uplands
Umingan,SanJuan,6,15.846791,120.7852,125.0,Annam clay loam,Annam,Uplands
Umingan,SanLeon,6,15.908729,120.730271,53.0,Annam clay loam,Annam,Uplands
Umingan,SanPablo,6,15.8533,120.756267,71.0,Annam clay loam,Annam,Uplands
Umingan,SanVicente,6,15.876944,120.771775,69.0,Annam clay loam,Annam,Uplands
Umingan,SantaMaria,6,15.914922,120.779611,75.0,Annam clay loam,Annam,Uplands
Umingan,SantaRosa,6,15.87836,120.74549,59.0,Annam clay loam,Annam,Uplands
Umingan,Sinabaan,6,15.929462,120.758363,63.0,Annam clay loam,Annam,Uplands
Umingan,TanggalSawang,6,15.9428,120.75196,53.0,San Manuel sandy loam,San Manuel,Lowlands
UrdanetaCity,Anonas,5,16.001314,120.577886,27.0,San Manuel silty clay loam,San Manuel,Lowlands
UrdanetaCity,BactadEast,5,15.98535,120.626817,33.0,San Manuel sandy loam,San Manuel,Lowlands
UrdanetaCity,Bayaoas,5,15.977457,120.579443,32.0,San Manuel silt loam,San Manuel,Lowlands
UrdanetaCity,Bolaoen,5,15.99705,120.6132,33.0,San Manuel sandy loam,San Manuel,Lowlands
UrdanetaCity,Cabaruan,5,15.9476,120.520683,25.0,San Fabian clay loam,San Fabian,Highlands
UrdanetaCity,Cabuloan,5,15.97556,120.5997,37.0,San Manuel silt loam,San Manuel,Lowlands
UrdanetaCity,Camanang,5,15.962029,120.585157,30.0,San Manuel silt loam,San Manuel,Lowlands
UrdanetaCity,Camantiles,5,15.999229,120.545095,25.0,San Manuel fine sandy loam,San Manuel,Lowlands
UrdanetaCity,Casantaan,5,15.991557,120.6122,31.0,San Manuel sandy loam,San Manuel,Lowlands
UrdanetaCity,Catablan,5,15.980508,120.493342,16.0,San Manuel fine sandy loam,San Manuel,Lowlands
UrdanetaCity,Cayambanan,5,16.006733,120.586933,29.0,San Manuel sandy loam,San Manuel,Lowlands
UrdanetaCity,Consolacion,5,15.96005,120.61695,30.0,San Manuel sandy loam,San Manuel,Lowlands
UrdanetaCity,DilanPaurido,5,15.982975,120.584862,28.0,San Manuel silt loam,San Manuel,Lowlands
UrdanetaCity,Dr.PedroT.Orata,5,15.982133,120.614633,34.0,San Manuel sandy loam,San Manuel,Lowlands
UrdanetaCity,LabitProper,5,15.961967,120.533333,20.0,San Manuel silt loam,San Manuel,Lowlands
UrdanetaCity,LabitWest,5,15.960729,120.507143,19.0,San Manuel silt loam,San Manuel,Lowlands
UrdanetaCity,Mabanogbog,5,15.985571,120.550257,25.0,San Manuel silt loam,San Manuel,Lowlands
UrdanetaCity,Macalong,5,15.966733,120.617183,31.0,San Manuel sandy loam,San Manuel,Lowlands
UrdanetaCity,Nancalobasaan,5,16.00953,120.60469,32.0,San Manuel sandy loam,San Manuel,Lowlands
UrdanetaCity,NancamaliranEast,5,15.978833,120.558017,24.0,San Manuel silt loam,San Manuel,Lowlands
UrdanetaCity,NancamaliranWest,5,15.975814,120.547871,30.0,San Manuel silt loam,San Manuel,Lowlands
UrdanetaCity,Nancayasan,5,15.961167,120.573378,29.0,San Manuel silt loam,San Manuel,Lowlands
UrdanetaCity,Oltama,5,15.938817,120.506367,32.0,San Fabian clay loam,San Fabian,Highlands
UrdanetaCity,PalinaEast,5,15.954467,120.560583,31.0,San Manuel silt loam,San Manuel,Lowlands
UrdanetaCity,PalinaWest,5,15.95975,120.545587,22.0,San Manuel silt loam,San Manuel,Lowlands
UrdanetaCity,Pinmaludpod,5,15.993575,120.523992,24.0,San Manuel fine sandy loam,San Manuel,Lowlands
UrdanetaCity,Poblacion,5,15.9788,120.56842,26.0,San Manuel silt loam,San Manuel,Lowlands
UrdanetaCity,SanJose,5,15.993071,120.501857,22.0,San Manuel fine sandy loam,San Manuel,Lowlands
UrdanetaCity,SanVicente,5,15.989957,120.568386,31.0,San Manuel silt loam,San Manuel,Lowlands
UrdanetaCity,SantaLucia,5,15.96884,120.55522,23.0,San Manuel silt loam,San Manuel,Lowlands
UrdanetaCity,SantoDomingo,5,15.96472,120.56184,24.0,San Manuel silt loam,San Manuel,Lowlands
UrdanetaCity,Sugcong,5,15.944443,120.541043,27.0,San Manuel silt loam,San Manuel,Lowlands
UrdanetaCity,Tipuso,5,15.974929,120.620657,34.0,San Manuel sandy loam,San Manuel,Lowlands
UrdanetaCity,Tulong,5,16.005777,120.561831,33.0,San Manuel silty clay loam,San Manuel,Lowlands
Villasis,Amamperez,5,15.889357,120.537971,28.0,San Manuel silt loam,San Manuel,Lowlands
Villasis,Bacag,5,15.94225,120.586733,28.0,San Manuel silt loam,San Manuel,Lowlands
Villasis,Barangobong,5,15.8893,120.560333,26.0,San Manuel silt loam,San Manuel,Lowlands
Villasis,Barraca,5,15.918445,120.571791,26.0,San Manuel silt loam,San Manuel,Lowlands
Villasis,Capulaan,5,15.9044,120.541167,39.0,San Manuel silt loam,San Manuel,Lowlands
Villasis,Caramutan,5,15.926743,120.615186,30.0,San Manuel silt loam,San Manuel,Lowlands
Villasis,LaPaz,5,15.9178,120.51852,72.0,San Fabian clay loam,San Fabian,Highlands
Villasis,Labit,5,15.93212,120.53218,45.0,San Manuel silt loam,San Manuel,Lowlands
Villasis,Lipay,5,15.903943,120.605343,29.0,San Manuel silt loam,San Manuel,Lowlands
Villasis,Lomboy,5,15.917533,120.59255,27.0,San Manuel silt loam,San Manuel,Lowlands
Villasis,Piaz,5,15.942733,120.630389,34.0,San Manuel sandy loam,San Manuel,Lowlands
Villasis,Puelay,5,15.896544,120.5858,31.0,San Manuel silt loam,San Manuel,Lowlands
Villasis,SanBlas,5,15.91576,120.60112,28.0,San Manuel silt loam,San Manuel,Lowlands
Villasis,SanNicolas,5,15.922929,120.587429,27.0,San Manuel silt loam,San Manuel,Lowlands
Villasis,Tombod,5,15.9424,120.55932,24.0,San Manuel silt loam,San Manuel,Lowlands
Villasis,Unzad,5,15.919429,120.538629,44.0,San Manuel silt loam,San Manuel,Lowlands
Villasis,ZoneI,5,15.90652,120.59052,27.0,San Manuel silt loam,San Manuel,Lowlands
Villasis,ZoneII,5,15.9035,120.58634,30.0,San Manuel silt loam,San Manuel,Lowlands
Villasis,ZoneIII,5,15.90428,120.58448,30.0,San Manuel silt loam,San Manuel,Lowlands
Villasis,ZoneIV,5,15.90622,120.58328,32.0,San Manuel silt loam,San Manuel,Lowlands
Villasis,ZoneV,5,15.90906,120.5876,28.0,San Manuel silt loam,San Manuel,Lowlands
