municipality,barangay,district,lat,lon
Alcala,Anulid,5,15.8479,120.50105
Alcala,Atainan,5,15.861267,120.509017
Alcala,Bersamin,5,15.837625,120.554212
Alcala,Canarvacanan,5,15.841114,120.540286
Alcala,Caranglaan,5,15.858829,120.498186
Alcala,Curareng,5,15.8638,120.522233
Alcala,Gualsic,5,15.87096,120.53908
Alcala,Kasikis,5,15.85285,120.544167
Alcala,Laoac,5,15.84218,120.51332
Alcala,Macayo,5,15.87914,120.55634
Alcala,PindanganCentro,5,15.862686,120.5499
Alcala,PindanganEast,5,15.86336,120.55856
Alcala,PindanganWest,5,15.86882,120.5512
Alcala,PoblacionEast,5,15.8475,120.524571
Alcala,PoblacionWest,5,15.84815,120.528937
Alcala,SanJuan,5,15.83908,120.52136
Alcala,SanNicolas,5,15.85454,120.5325
Alcala,SanPedroApartado,5,15.8492,120.56177
Alcala,SanPedroIli,5,15.85472,120.53864
Alcala,SanVicente,5,15.85475,120.516175
Alcala,Vacante,5,15.843429,120.568429
Asingan,AristonEste,6,16.039,120.69976
Asingan,AristonWeste,6,16.031715,120.694769
Asingan,Bantog,6,16.00277,120.684944
Asingan,Baro,6,16.000788,120.665987
Asingan,Bobonan,6,16.0401,120.6385
Asingan,Cabalitian,6,15.980733,120.653367
Asingan,Calepaan,6,16.026044,120.621267
Asingan,CarosucanNorte,6,15.979357,120.638829
Asingan,CarosucanSur,6,15.96051,120.63873
Asingan,Coldit,6,16.0387,120.64692
Asingan,Domanpot,6,16.001543,120.643914
Asingan,Dupac,6,16.029814,120.679436
Asingan,Macalong,6,16.01705,120.65456
Asingan,Palaris,6,16.035983,120.631283
Asingan,PoblacionEast,6,16.010838,120.672363
Asingan,PoblacionWest,6,16.009167,120.663333
Asingan,SanVicenteEste,6,16.037267,120.669433
Asingan,SanVicenteWeste,6,16.031492,120.6546
Asingan,Sanchez,6,15.989911,120.663578
Asingan,Sobol,6,16.01492,120.63005
Asingan,Toboy,6,16.028746,120.637646
Balungao,AngayanNorte,6,15.911458,120.695
Balungao,AngayanSur,6,15.90045,120.687892
Balungao,Capulaan,6,15.91538,120.65932
Balungao,Esmeralda,6,15.872327,120.709787
Balungao,Kita-Kita,6,15.89685,120.658475
Balungao,Mabini,6,15.859441,120.714159
Balungao,Mauban,6,15.8999,120.718029
Balungao,Poblacion,6,15.90165,120.66475
Balungao,Pugaro,6,15.895045,120.672755
Balungao,Rajal,6,15.910554,120.703369
Balungao,SanAndres,6,15.865917,120.675075
Balungao,SanAurelio1st,6,15.902922,120.678267
Balungao,SanAurelio2nd,6,15.893562,120.6835
Balungao,SanAurelio3rd,6,15.9173,120.68485
Balungao,SanJoaquin,6,15.940943,120.70345
Balungao,SanJulian,6,15.9371,120.671417
Balungao,SanLeon,6,15.92285,120.710383
Balungao,SanMarcelino,6,15.936125,120.655012
Balungao,SanMiguel,6,15.9276,120.65869
Balungao,SanRaymundo,6,15.926543,120.685443
Bautista,Artacho,5,15.82542,120.55934
Bautista,Baluyot,5,15.806614,120.474443
Bautista,Cabuaan,5,15.809444,120.480122
Bautista,Cacandongan,5,15.828487,120.490687
Bautista,Diaz,5,15.80404,120.510033
Bautista,Ketegan,5,15.82368,120.49276
Bautista,Nandacan,5,15.81924,120.48736
Bautista,NibaliwNorte,5,15.8168,120.468983
Bautista,NibaliwSur,5,15.8119,120.47082
Bautista,Palisoc,5,15.819143,120.500271
Bautista,PoblacionEast,5,15.814113,120.485687
Bautista,PoblacionWest,5,15.813863,120.477375
Bautista,Pogo,5,15.82454,120.50955
Bautista,Poponto,5,15.776871,120.537057
Bautista,Primicias,5,15.805289,120.549844
Bautista,Sinabaan,5,15.8202,120.472883
Bautista,Vacante,5,15.801264,120.492136
Bautista,Villanueva,5,15.822413,120.543262
Binalonan,Balangobong,5,16.02684,120.60524
Binalonan,Bued,5,16.04544,120.5784
Binalonan,Bugayong,5,16.088786,120.567114
Binalonan,Camangaan,5,16.100983,120.585167
Binalonan,Canarvacanan,5,16.06075,120.580462
Binalonan,Capas,5,16.05885,120.610283
Binalonan,Cili,5,16.08097,120.5827
Binalonan,Dumayat,5,16.067583,120.572483
Binalonan,Linmansangan,5,16.055356,120.573944
Binalonan,Mangcasuy,5,16.077392,120.620783
Binalonan,Moreno,5,16.109587,120.616263
Binalonan,PasilengNorte,5,16.041062,120.593238
Binalonan,PasilengSur,5,16.03302,120.60294
Binalonan,Poblacion,5,16.050267,120.587917
Binalonan,SanFelipeCentral,5,16.049486,120.6271
Binalonan,SanFelipeSur,5,16.051045,120.603
Binalonan,SanPablo,5,16.03578,120.61882
Binalonan,SantaCatalina,5,16.096712,120.620118
Binalonan,SantaMariaNorte,5,16.069067,120.587489
Binalonan,Santiago,5,16.04622,120.5712
Binalonan,SantoNiño,5,16.061925,120.593437
Binalonan,Sumabnit,5,16.030617,120.573333
Binalonan,Tabuyoc,5,16.026162,120.587963
Binalonan,Vacante,5,16.075214,120.569993
Laoac,Anis,5,16.037138,120.56035
Laoac,Balligi,5,16.060614,120.557843
Laoac,Banuar,5,16.059367,120.537083
Laoac,Botique,5,16.076333,120.553183
Laoac,Caaringayan,5,16.03872,120.5523
Laoac,CabilaoanWest,5,16.023143,120.5419
Laoac,Cabulalaan,5,16.071222,120.542033
Laoac,Calaoagan,5,16.06424,120.5325
Laoac,Calmay,5,16.035136,120.5117
Laoac,Casampagaan,5,16.0512,120.551617
Laoac,Casanestebanan,5,16.0473,120.523786
Laoac,Casantiagoan,5,16.02328,120.56504
Laoac,DomingoAlarcio,5,16.023383,120.55195
Laoac,Inmanduyan,5,16.04702,120.50936
Laoac,Lebueg,5,16.028525,120.561337
Laoac,Maraboc,5,16.062956,120.521489
Laoac,Nanbagatan,5,16.039675,120.5306
Laoac,Panaga,5,16.0816,120.547255
Laoac,Poblacion,5,16.062333,120.5482
Laoac,Talogtog,5,16.057771,120.529643
Laoac,Turko,5,16.074367,120.531508
Laoac,Yatyat,5,16.013517,120.557417
Natividad,Barangobong,6,16.047371,120.780914
Natividad,BatchelorEast,6,16.0514,120.814783
Natividad,BatchelorWest,6,16.049067,120.806367
Natividad,Burgos,6,16.028643,120.7789
Natividad,Cacandungan,6,16.060467,120.834967
Natividad,Calapugan,6,16.037378,120.812667
Natividad,Canarem,6,16.037571,120.781371
Natividad,Luna,6,16.0139,120.787238
Natividad,PoblacionEast,6,16.04176,120.79306
Natividad,PoblacionWest,6,16.04678,120.79798
Natividad,Rizal,6,16.042729,120.779243
Natividad,Salud,6,16.053383,120.790067
Natividad,SanEugenio,6,16.074025,120.829775
Natividad,SanMacarioNorte,6,16.053092,120.84245
Natividad,SanMacarioSur,6,16.035614,120.8279
Natividad,SanMaximo,6,16.040156,120.803522
Natividad,SanMiguel,6,16.0219,120.79655
Natividad,Silag,6,16.011586,120.782686
Pozzorubio,Alipangpang,5,16.112171,120.553243
Pozzorubio,Amagbagan,5,16.09131,120.53622
Pozzorubio,Balacag,5,16.13625,120.4776
Pozzorubio,Banding,5,16.1039,120.54356
Pozzorubio,Bantugan,5,16.107988,120.52075
Pozzorubio,Batakil,5,16.150457,120.516643
Pozzorubio,Bobonan,5,16.140322,120.5203
Pozzorubio,Buneg,5,16.126175,120.56195
Pozzorubio,Cablong,5,16.12784,120.53274
Pozzorubio,Casanfernandoan,5,16.124829,120.477243
Pozzorubio,Castaño,5,16.114736,120.506436
Pozzorubio,Dilan,5,16.088471,120.520557
Pozzorubio,DonBenito,5,16.141843,120.497871
Pozzorubio,Haway,5,16.114767,120.481917
Pozzorubio,Imbalbalatong,5,16.128771,120.549471
Pozzorubio,Inoman,5,16.150243,120.529286
Pozzorubio,Laoac,5,16.14382,120.50617
Pozzorubio,Maambal,5,16.10248,120.4878
Pozzorubio,Malasin,5,16.10045,120.51985
Pozzorubio,Malokiat,5,16.127514,120.496329
Pozzorubio,Manaol,5,16.118883,120.510183
Pozzorubio,Nama,5,16.137325,120.534125
Pozzorubio,Nantangalan,5,16.092491,120.503209
Pozzorubio,Palacpalac,5,16.13195,120.52365
Pozzorubio,Palguyod,5,16.128929,120.5124
Pozzorubio,PoblacionI,5,16.11972,120.53428
Pozzorubio,PoblacionII,5,16.115617,120.534817
Pozzorubio,PoblacionIII,5,16.12086,120.54196
Pozzorubio,PoblacionIV,5,16.11468,120.54258
Pozzorubio,Rosario,5,16.10018,120.56152
Pozzorubio,Sugcong,5,16.148117,120.546817
Pozzorubio,Talogtog,5,16.10945,120.534633
Pozzorubio,Tulnac,5,16.117529,120.525029
Pozzorubio,Villegas,5,16.141614,120.554571
Rosales,Acop,6,15.86822,120.65452
Rosales,Bakitbakit,6,15.8806,120.6515
Rosales,Balingcanaway,6,15.896867,120.651517
Rosales,CabalaoanganNorte,6,15.885,120.627157
Rosales,CabalaoanganSur,6,15.879786,120.634929
Rosales,Calanutan,6,15.86538,120.63548
Rosales,Camangaan,6,15.848967,120.634317
Rosales,CapitanTomas,6,15.909583,120.6458
Rosales,CarmayEast,6,15.91566,120.64044
Rosales,CarmayWest,6,15.913167,120.624417
Rosales,CarmenEast,6,15.88938,120.60206
Rosales,CarmenWest,6,15.88992,120.5942
Rosales,Casanicolasan,6,15.927971,120.641871
Rosales,Coliling,6,15.85408,120.62198
Rosales,DonAntonioVillage,6,15.898567,120.623
Rosales,Guiling,6,15.84982,120.6235
Rosales,Palakipak,6,15.864083,120.617833
Rosales,Pangaoan,6,15.83765,120.643483
Rosales,Rabago,6,15.85694,120.63296
Rosales,Rizal,6,15.924167,120.630889
Rosales,Salvacion,6,15.84498,120.66118
Rosales,SanAngel,6,15.8614,120.6575
Rosales,SanAntonio,6,15.85452,120.66194
Rosales,SanBartolome,6,15.877,120.613937
Rosales,SanIsidro,6,15.83744,120.62604
Rosales,SanLuis,6,15.84218,120.65192
Rosales,SanPedroEast,6,15.894833,120.64655
Rosales,SanPedroWest,6,15.89378,120.63666
Rosales,SanVicente,6,15.84742,120.67394
Rosales,StationDistrict,6,15.89274,120.62038
Rosales,TomanaEast,6,15.893543,120.612914
Rosales,TomanaWest,6,15.892029,120.608743
Rosales,ZoneI,6,15.888375,120.624075
Rosales,ZoneII,6,15.897429,120.628114
Rosales,ZoneIII,6,15.9049,120.620167
Rosales,ZoneIV,6,15.90526,120.62972
Rosales,ZoneV,6,15.8898,120.63062
San Manuel,Cabacaraan,6,16.05634,120.67174
San Manuel,Cabaritan,6,16.051075,120.658713
San Manuel,Flores,6,16.068733,120.6855
San Manuel,GuisetNorte,6,16.07238,120.66876
San Manuel,GuisetSur,6,16.065029,120.666714
San Manuel,Lapalo,6,16.144,120.631117
San Manuel,Nagsaag,6,16.06525,120.6565
San Manuel,Narra,6,16.099693,120.698064
San Manuel,SanAntonio-Arzadon,6,16.057914,120.689343
San Manuel,SanBonifacio,6,16.083056,120.679278
San Manuel,SanJuan,6,16.04944,120.67488
San Manuel,San Roque,6,16.153538,120.682758
San Manuel,SanVicente,6,16.062945,120.710409
San Manuel,Santo Domingo,6,16.055129,120.6444
SanNicolas,Bensican,6,16.159717,120.785383
SanNicolas,Cabitnongan,6,16.07854,120.77106
SanNicolas,Caboloan,6,16.08765,120.73284
SanNicolas,Cacabugaoan,6,16.107175,120.839363
SanNicolas,Calanutian,6,16.134363,120.68725
SanNicolas,Calaocan,6,16.080433,120.78185
SanNicolas,Camanggaan,6,16.0953,120.73158
SanNicolas,Camindoroan,6,16.117686,120.702914
SanNicolas,Casaratan,6,16.070667,120.7584
SanNicolas,Dalumpinas,6,16.143956,120.790278
SanNicolas,Fianza,6,16.1511,120.810767
SanNicolas,Lungao,6,16.085114,120.761486
SanNicolas,Malico,6,16.143675,120.829375
SanNicolas,Malilion,6,16.107267,120.745183
SanNicolas,Nagkaysa,6,16.06784,120.76056
SanNicolas,Nining,6,16.06404,120.7898
SanNicolas,PoblacionEast,6,16.074275,120.762375
SanNicolas,PoblacionWest,6,16.074267,120.75725
SanNicolas,Salingcob,6,16.110563,120.776525
SanNicolas,Salpad,6,16.18376,120.76676
SanNicolas,SanFelipeEast,6,16.173607,120.706553
SanNicolas,SanFelipeWest,6,16.148975,120.7008
SanNicolas,SanIsidro,6,16.116886,120.758243
SanNicolas,SanJose,6,16.057067,120.774167
SanNicolas,SanRafaelCentro,6,16.0757,120.734117
SanNicolas,SanRafaelEast,6,16.073867,120.749167
SanNicolas,SanRafaelWest,6,16.063025,120.7324
SanNicolas,SanRoque,6,16.060889,120.752922
SanNicolas,SantaMariaEast,6,16.1137,120.8093
SanNicolas,SantaMariaWest,6,16.09686,120.79538
SanNicolas,SantoTomas,6,16.099786,120.7175
SanNicolas,Siblot,6,16.069962,120.776913
SanNicolas,Sobol,6,16.0579,120.7426
SanQuintin,Alac,6,16.00235,120.798
SanQuintin,Baligayan,6,15.95046,120.7222
SanQuintin,Bantog,6,15.962786,120.813643
SanQuintin,Bolintaguen,6,15.98075,120.782086
SanQuintin,Cabalaoangan,6,15.9811,120.809014
SanQuintin,Cabangaran,6,16.01865,120.85517
SanQuintin,Calomboyan,6,15.98305,120.821517
SanQuintin,Carayacan,6,15.969754,120.827385
SanQuintin,Casantamarian,6,16.008445,120.864073
SanQuintin,Gonzalo,6,15.991667,120.865656
SanQuintin,Labuan,6,15.9487,120.73175
SanQuintin,Lagasit,6,15.997458,120.790825
SanQuintin,Lumayao,6,15.96647,120.74172
SanQuintin,Mabini,6,16.028263,120.855238
SanQuintin,Mantacdang,6,15.958912,120.758682
SanQuintin,Nangapugan,6,15.98223,120.87086
SanQuintin,PoblacionZoneI,6,15.98915,120.80515
SanQuintin,PoblacionZoneII,6,15.98806,120.81588
SanQuintin,PoblacionZoneIII,6,15.99424,120.81232
SanQuintin,SanPedro,6,15.969482,120.799636
SanQuintin,Ungib,6,15.978483,120.797767
SantaMaria,Bal-Loy,6,15.98052,120.72016
SantaMaria,Bantog,6,15.96855,120.694417
SantaMaria,Caboluan,6,15.9653,120.72146
SantaMaria,Cal-Litang,6,15.948025,120.651612
SantaMaria,Capandanan,6,15.96148,120.6765
SantaMaria,Cauplasan,6,15.96159,120.66668
SantaMaria,Dalayap,6,15.960257,120.697671
SantaMaria,Libsong,6,15.9594,120.72216
SantaMaria,Namagbagan,6,15.954523,120.683238
SantaMaria,Paitan,6,15.977086,120.671457
SantaMaria,Pataquid,6,15.969889,120.728856
SantaMaria,Pilar,6,15.963073,120.650391
SantaMaria,PoblacionEast,6,15.981,120.69622
SantaMaria,PoblacionWest,6,15.98098,120.69246
SantaMaria,Pugot,6,15.981488,120.741825
SantaMaria,Samon,6,15.94137,120.63935
SantaMaria,SanAlejandro,6,15.978583,120.698217
SantaMaria,SanMariano,6,15.98695,120.711567
SantaMaria,SanPablo,6,15.9476,120.701983
SantaMaria,SanPatricio,6,15.988543,120.692357
SantaMaria,SanVicente,6,15.996433,120.703233
SantaMaria,SantaCruz,6,15.959933,120.7092
SantaMaria,SantaRosa,6,15.98146,120.68564
SantoTomas,LaLuna,5,15.87796,120.57042
SantoTomas,PoblacionEast,5,15.87785,120.578467
SantoTomas,PoblacionWest,5,15.88046,120.57138
SantoTomas,Salvacion,5,15.885967,120.58405
SantoTomas,SanAgustin,5,15.87832,120.5811
SantoTomas,SanAntonio,5,15.868183,120.563483
SantoTomas,SanJose,5,15.871317,120.565317
SantoTomas,SanMarcos,5,15.8758,120.56836
SantoTomas,Santo Domingo,5,15.866967,120.576133
SantoTomas,SantoNiño,5,15.87658,120.5621
Sison,Agat,5,16.211391,120.502936
Sison,Alibeng,5,16.135789,120.613189
Sison,Amagbagan,5,16.17132,120.48238
Sison,Artacho,5,16.1978,120.49812
Sison,AsanNorte,5,16.19168,120.52068
Sison,AsanSur,5,16.1587,120.5194
Sison,BantayInsik,5,16.187225,120.463025
Sison,Bila,5,16.183429,120.5134
Sison,Binmeckeg,5,16.207287,120.475887
Sison,BulaoenEast,5,16.19356,120.46962
Sison,BulaoenWest,5,16.179443,120.463914
Sison,Cabaritan,5,16.194317,120.479733
Sison,Calunetan,5,16.158371,120.596329
Sison,Camangaan,5,16.1559,120.49035
Sison,Cauringan,5,16.189486,120.4981
Sison,Dungon,5,16.226417,120.51705
Sison,Esperanza,5,16.201225,120.489025
Sison,Inmalog,5,16.196567,120.551917
Sison,Killo,5,16.119163,120.575437
Sison,Labayug,5,16.182656,120.592789
Sison,Paldit,5,16.170625,120.5182
Sison,Pindangan,5,16.176883,120.471317
Sison,Pinmilapil,5,16.203871,120.4551
Sison,PoblacionCentral,5,16.17415,120.49775
Sison,PoblacionNorte,5,16.180117,120.4913
Sison,PoblacionSur,5,16.166543,120.504914
Sison,Sagunto,5,16.203888,120.51255
Sison,Tara-Tara,5,16.157843,120.476829
Tayug,Agno,6,16.021992,120.719992
Tayug,Amistad,6,16.033462,120.733675
Tayug,BarangayA,6,16.031843,120.744371
Tayug,BarangayB,6,16.028867,120.743567
Tayug,BarangayC,6,16.03116,120.73876
Tayug,BarangayD,6,16.026243,120.739771
Tayug,Barangobong,6,16.008789,120.719278
Tayug,C.Lichauco,6,15.983891,120.767073
Tayug,Carriedo,6,16.03884,120.75762
Tayug,Evangelista,6,16.010583,120.739733
Tayug,Guzon,6,16.031683,120.709089
Tayug,Lawak,6,15.99591,120.75107
Tayug,Legaspi,6,16.049688,120.737088
Tayug,Libertad,6,16.022614,120.759314
Tayug,Magallanes,6,16.01881,120.73012
Tayug,Panganiban,6,16.0084,120.768575
Tayug,Saleng,6,15.99514,120.75916
Tayug,SantoDomingo,6,15.997383,120.73975
Tayug,Toketec,6,16.014489,120.763667
Tayug,Trenchera,6,16.0292,120.758217
Tayug,Zamora,6,15.99795,120.775967
Umingan,AbotMolina,6,15.90409,120.83282
Umingan,Alo-O,6,15.903155,120.885264
Umingan,Amaronan,6,15.948667,120.829144
Umingan,Annam,6,15.947818,120.859364
Umingan,Bantug,6,15.914314,120.846557
Umingan,Baracbac,6,15.848754,120.851142
Umingan,Barat,6,15.943936,120.810782
Umingan,Buenavista,6,15.938517,120.789533
Umingan,Cabalitian,6,15.927117,120.747283
Umingan,Cabangaran,6,15.876975,120.870087
Umingan,Cabaruan,6,15.901563,120.740138
Umingan,Cabatuan,6,15.90125,120.852663
Umingan,Cadiz,6,15.864057,120.749043
Umingan,Calitlitan,6,15.962063,120.863875
Umingan,Capas,6,15.91285,120.826392
Umingan,CarayunganSur,6,15.889178,120.842633
Umingan,Carosalesan,6,15.887321,120.865407
Umingan,Casilan,6,15.88294,120.77689
Umingan,Caurdanetaan,6,15.924825,120.847737
Umingan,Concepcion,6,15.85781,120.77099
Umingan,Decreto,6,15.931643,120.724186
Umingan,DelRosario,6,15.913428,120.799461
Umingan,Diaz,6,15.838085,120.824763
Umingan,Diket,6,15.9432,120.889753
Umingan,DonJustoAbalos,6,15.9331,120.858857
Umingan,DonMontano,6,15.917867,120.864067
Umingan,Esperanza,6,15.941264,120.799391
Umingan,Evangelista,6,15.949725,120.844667
Umingan,Flores,6,15.935822,120.778189
Umingan,Fulgosino,6,15.900705,120.795967
Umingan,Gonzales,6,15.919069,120.752175
Umingan,LaPaz,6,15.917262,120.736537
Umingan,Labuan,6,15.94004,120.73552
Umingan,Lauren,6,15.938487,120.830925
Umingan,Lubong,6,15.92115,120.80891
Umingan,LunaEste,6,15.843488,120.806788
Umingan,LunaWeste,6,15.863714,120.78535
Umingan,Mantacdang,6,15.944671,120.763471
Umingan,Maseil-Seil,6,15.910573,120.879373
Umingan,Nampalcan,6,15.902041,120.820894
Umingan,Nancalabasaan,6,15.9313,120.82938
Umingan,Pangangaan,6,15.880553,120.815753
Umingan,Papallasen,6,15.928414,120.738557
Umingan,Pemienta,6,15.921364,120.826464
Umingan,PoblacionEast,6,15.924,120.83936
Umingan,PoblacionWest,6,15.92582,120.83406
Umingan,Prado,6,15.898269,120.769977
Umingan,Resurreccion,6,15.889138,120.736712
Umingan,Ricos,6,15.873677,120.845085
Umingan,SanAndres,6,15.9028,120.74565
Umingan,SanJuan,6,15.846791,120.7852
Umingan,SanLeon,6,15.908729,120.730271
Umingan,SanPablo,6,15.8533,120.756267
Umingan,SanVicente,6,15.876944,120.771775
Umingan,SantaMaria,6,15.914922,120.779611
Umingan,SantaRosa,6,15.87836,120.74549
Umingan,Sinabaan,6,15.929462,120.758363
Umingan,TanggalSawang,6,15.9428,120.75196
UrdanetaCity,Anonas,5,16.001314,120.577886
UrdanetaCity,BactadEast,5,15.98535,120.626817
UrdanetaCity,Bayaoas,5,15.977457,120.579443
UrdanetaCity,Bolaoen,5,15.99705,120.6132
UrdanetaCity,Cabaruan,5,15.9476,120.520683
UrdanetaCity,Cabuloan,5,15.97556,120.5997
UrdanetaCity,Camanang,5,15.962029,120.585157
UrdanetaCity,Camantiles,5,15.999229,120.545095
UrdanetaCity,Casantaan,5,15.991557,120.6122
UrdanetaCity,Catablan,5,15.980508,120.493342
UrdanetaCity,Cayambanan,5,16.006733,120.586933
UrdanetaCity,Consolacion,5,15.96005,120.61695
UrdanetaCity,DilanPaurido,5,15.982975,120.584862
UrdanetaCity,Dr.PedroT.Orata,5,15.982133,120.614633
UrdanetaCity,LabitProper,5,15.961967,120.533333
UrdanetaCity,LabitWest,5,15.960729,120.507143
UrdanetaCity,Mabanogbog,5,15.985571,120.550257
UrdanetaCity,Macalong,5,15.966733,120.617183
UrdanetaCity,Nancalobasaan,5,16.00953,120.60469
UrdanetaCity,NancamaliranEast,5,15.978833,120.558017
UrdanetaCity,NancamaliranWest,5,15.975814,120.547871
UrdanetaCity,Nancayasan,5,15.961167,120.573378
UrdanetaCity,Oltama,5,15.938817,120.506367
UrdanetaCity,PalinaEast,5,15.954467,120.560583
UrdanetaCity,PalinaWest,5,15.95975,120.545587
UrdanetaCity,Pinmaludpod,5,15.993575,120.523992
UrdanetaCity,Poblacion,5,15.9788,120.56842
UrdanetaCity,SanJose,5,15.993071,120.501857
UrdanetaCity,SanVicente,5,15.989957,120.568386
UrdanetaCity,SantaLucia,5,15.96884,120.55522
UrdanetaCity,SantoDomingo,5,15.96472,120.56184
UrdanetaCity,Sugcong,5,15.944443,120.541043
UrdanetaCity,Tipuso,5,15.974929,120.620657
UrdanetaCity,Tulong,5,16.005777,120.561831
Villasis,Amamperez,5,15.889357,120.537971
Villasis,Bacag,5,15.94225,120.586733
Villasis,Barangobong,5,15.8893,120.560333
Villasis,Barraca,5,15.918445,120.571791
Villasis,Capulaan,5,15.9044,120.541167
Villasis,Caramutan,5,15.926743,120.615186
Villasis,LaPaz,5,15.9178,120.51852
Villasis,Labit,5,15.93212,120.53218
Villasis,Lipay,5,15.903943,120.605343
Villasis,Lomboy,5,15.917533,120.59255
Villasis,Piaz,5,15.942733,120.630389
Villasis,Puelay,5,15.896544,120.5858
Villasis,SanBlas,5,15.91576,120.60112
Villasis,SanNicolas,5,15.922929,120.587429
Villasis,Tombod,5,15.9424,120.55932
Villasis,Unzad,5,15.919429,120.538629
Villasis,ZoneI,5,15.90652,120.59052
Villasis,ZoneII,5,15.9035,120.58634
Villasis,ZoneIII,5,15.90428,120.58448
Villasis,ZoneIV,5,15.90622,120.58328
Villasis,ZoneV,5,15.90906,120.5876
